iteration,seed,temperature,source_text,translated_text,timestamp
1,101,0,"*Suicide, my ass*, was my instant, and silent, reaction. Why hadn't Sybil hired me to come out here to read his grave first, instead of sending me to the woods to find Teenie? Of course this boy hadn't shot himself. Dell Teague had been murdered, just like his wild girlfriend. I opened my eyes. Hollis Boxleitner had swung around to check on what I was doing. I looked into the intent face of the deputy. ""No suicide here,"" I said.","*Bunuh diri? Omong kosong*, reaksi instan dan sunyi saya. Mengapa Sybil tidak mempekerjakan saya untuk mengunjungi makamnya terlebih dahulu, alih-alih mengirim saya ke hutan untuk mencari Teenie? Tentu saja anak ini tidak akan bunuh diri. Dell Teague telah dibunuh, sama seperti kekasihnya yang berani. Saya membuka mata. Hollis Boxleitner telah berbalik untuk melihat apa yang saya lakukan. Saya menatap wajah serius wakil. ""Tidak ada bunuh diri di sini,"" kataku.",Fri Oct 17 21:37:29 2025
1,101,1.5,"*Suicide, my ass*, was my instant, and silent, reaction. Why hadn't Sybil hired me to come out here to read his grave first, instead of sending me to the woods to find Teenie? Of course this boy hadn't shot himself. Dell Teague had been murdered, just like his wild girlfriend. I opened my eyes. Hollis Boxleitner had swung around to check on what I was doing. I looked into the intent face of the deputy. ""No suicide here,"" I said.","*Bunuh diri, omong kosong*, adalah reaksi instan saya, yang sunyi. Mengapa Sybil tidak mempekerjakan saya untuk terlebih dahulu mengunjungi makamnya, alih-alih mengirim saya ke hutan untuk mencari Teenie? Tentu saja anak ini tidak akan menembak dirinya sendiri. Dell Teague telah dibunuh, sama seperti kekasihnya yang pemberani. Saya membuka mata. Hollis Boxleitner telah berbalik untuk melihat apa yang saya lakukan. Saya menatap wajah serius wakil. ""Tidak ada bunuh diri di sini,"" kataku.",Fri Oct 17 21:37:33 2025
2,202,0,"*Suicide, my ass*, was my instant, and silent, reaction. Why hadn't Sybil hired me to come out here to read his grave first, instead of sending me to the woods to find Teenie? Of course this boy hadn't shot himself. Dell Teague had been murdered, just like his wild girlfriend. I opened my eyes. Hollis Boxleitner had swung around to check on what I was doing. I looked into the intent face of the deputy. ""No suicide here,"" I said.","*Bunuh diri? Omong kosong*, itu adalah reaksi instan saya, yang terdiam dan tanpa suara. Mengapa Sybil tidak mempekerjakan saya untuk mengunjungi makamnya terlebih dahulu, alih-alih mengirim saya ke hutan untuk mencari Teenie? Tentu saja anak ini tidak bunuh diri. Dell Teague telah dibunuh, sama seperti kekasihnya yang eksentrik. Saya membuka mata. Hollis Boxleitner telah berbalik untuk memeriksa apa yang sedang saya lakukan. Saya menatap wajah serius wakil. ""Tidak ada bunuh diri di sini,"" kataku.",Fri Oct 17 21:37:36 2025
2,202,1.5,"*Suicide, my ass*, was my instant, and silent, reaction. Why hadn't Sybil hired me to come out here to read his grave first, instead of sending me to the woods to find Teenie? Of course this boy hadn't shot himself. Dell Teague had been murdered, just like his wild girlfriend. I opened my eyes. Hollis Boxleitner had swung around to check on what I was doing. I looked into the intent face of the deputy. ""No suicide here,"" I said.","*Bunuh diri? Omong kosong*, itu adalah reaksi instan saya, yang sunyi. Mengapa Sybil tidak mempekerjakan saya untuk mengunjungi makamnya terlebih dahulu, alih-alih mengirim saya ke hutan untuk mencari Teenie? Tentu saja anak ini tidak akan bunuh diri. Dell Teague dibunuh, sama seperti kekasihnya yang keras kepala. Saya membuka mata. Hollis Boxleitner telah berputar untuk memeriksa apa yang sedang saya lakukan. Saya menatap wajah serius seorang wakil. ""Tidak ada bunuh diri di sini,"" kataku.",Fri Oct 17 21:37:39 2025
3,303,0,"*Suicide, my ass*, was my instant, and silent, reaction. Why hadn't Sybil hired me to come out here to read his grave first, instead of sending me to the woods to find Teenie? Of course this boy hadn't shot himself. Dell Teague had been murdered, just like his wild girlfriend. I opened my eyes. Hollis Boxleitner had swung around to check on what I was doing. I looked into the intent face of the deputy. ""No suicide here,"" I said.","*Bunuh diri, omong kosong*, adalah reaksi instan, dan terdiam, saya. Mengapa Sybil tidak mempekerjakan saya untuk mengunjungi makamnya terlebih dahulu, alih-alih mengirim saya ke hutan untuk mencari Teenie? Tentu saja anak ini tidak akan menembak dirinya sendiri. Dell Teague telah dibunuh, sama seperti kekasihnya yang keras kepala. Saya membuka mata. Hollis Boxleitner telah berputar untuk memeriksa apa yang sedang saya lakukan. Saya menatap wajah serius wakil. ""Tidak ada bunuh diri di sini,"" kataku.",Fri Oct 17 21:37:43 2025
3,303,1.5,"*Suicide, my ass*, was my instant, and silent, reaction. Why hadn't Sybil hired me to come out here to read his grave first, instead of sending me to the woods to find Teenie? Of course this boy hadn't shot himself. Dell Teague had been murdered, just like his wild girlfriend. I opened my eyes. Hollis Boxleitner had swung around to check on what I was doing. I looked into the intent face of the deputy. ""No suicide here,"" I said.","*Bunuh diri? Omong kosong*, reaksi instan dan terdiam saya. Mengapa Sybil tidak mempekerjakan saya untuk mengunjungi makamnya terlebih dahulu, alih-alih mengirim saya ke hutan untuk mencari Teenie? Tentu saja anak ini tidak bunuh diri. Dell Teague telah dibunuh, sama seperti kekasihnya yang eksentrik. Saya membuka mata. Hollis Boxleitner telah berbalik untuk memeriksa apa yang sedang saya lakukan. Saya menatap wajah serius wakil. ""Tidak ada bunuh diri di sini,"" kataku.",Fri Oct 17 21:37:46 2025
4,404,0,"*Suicide, my ass*, was my instant, and silent, reaction. Why hadn't Sybil hired me to come out here to read his grave first, instead of sending me to the woods to find Teenie? Of course this boy hadn't shot himself. Dell Teague had been murdered, just like his wild girlfriend. I opened my eyes. Hollis Boxleitner had swung around to check on what I was doing. I looked into the intent face of the deputy. ""No suicide here,"" I said.","*Bunuh diri? Omong kosong*, reaksi instan dan tanpa suara saya. Mengapa Sybil tidak mempekerjakan saya untuk mengunjungi makamnya terlebih dahulu, alih-alih mengirim saya ke hutan untuk mencari Teenie? Tentu saja anak ini tidak akan menembak dirinya sendiri. Dell Teague telah dibunuh, sama seperti kekasihnya yang berani. Saya membuka mata. Hollis Boxleitner berbalik untuk melihat apa yang saya lakukan. Saya menatap wajah serius wakil. ""Tidak ada bunuh diri di sini,"" kataku.",Fri Oct 17 21:37:49 2025
4,404,1.5,"*Suicide, my ass*, was my instant, and silent, reaction. Why hadn't Sybil hired me to come out here to read his grave first, instead of sending me to the woods to find Teenie? Of course this boy hadn't shot himself. Dell Teague had been murdered, just like his wild girlfriend. I opened my eyes. Hollis Boxleitner had swung around to check on what I was doing. I looked into the intent face of the deputy. ""No suicide here,"" I said.","*Bunuh diri? Omong kosong*, itu adalah reaksi instan saya, yang sunyi. Mengapa Sybil tidak mempekerjakan saya untuk mengunjungi makamnya terlebih dahulu, alih-alih mengirim saya ke hutan untuk mencari Teenie? Tentu saja anak ini tidak bunuh diri. Dell Teague telah dibunuh, sama seperti kekasihnya yang penuh semangat. Saya membuka mata. Hollis Boxleitner telah berbalik untuk memeriksa apa yang sedang saya lakukan. Saya menatap wajah serius wakil. ""Tidak ada bunuh diri di sini,"" kataku.",Fri Oct 17 21:37:53 2025
5,505,0,"*Suicide, my ass*, was my instant, and silent, reaction. Why hadn't Sybil hired me to come out here to read his grave first, instead of sending me to the woods to find Teenie? Of course this boy hadn't shot himself. Dell Teague had been murdered, just like his wild girlfriend. I opened my eyes. Hollis Boxleitner had swung around to check on what I was doing. I looked into the intent face of the deputy. ""No suicide here,"" I said.","*Bunuh diri? Omong kosong*, itu adalah reaksi instan saya, yang terdiam dan tanpa suara. Mengapa Sybil tidak mempekerjakan saya untuk mengunjungi makamnya terlebih dahulu, alih-alih mengirim saya ke hutan untuk mencari Teenie? Tentu saja anak ini tidak akan bunuh diri. Dell Teague telah dibunuh, sama seperti kekasihnya yang bengal. Saya membuka mata. Hollis Boxleitner telah berputar untuk memeriksa apa yang sedang saya lakukan. Saya menatap wajah serius wakil. “Tidak ada bunuh diri di sini,” kataku.",Fri Oct 17 21:37:56 2025
5,505,1.5,"*Suicide, my ass*, was my instant, and silent, reaction. Why hadn't Sybil hired me to come out here to read his grave first, instead of sending me to the woods to find Teenie? Of course this boy hadn't shot himself. Dell Teague had been murdered, just like his wild girlfriend. I opened my eyes. Hollis Boxleitner had swung around to check on what I was doing. I looked into the intent face of the deputy. ""No suicide here,"" I said.","*Bunuh diri? Omong kosong*, itu adalah reaksi instan saya, yang sunyi. Mengapa Sybil tidak mempekerjakan saya untuk mengunjungi makamnya terlebih dahulu, alih-alih mengirim saya ke hutan untuk mencari Teenie? Tentu saja anak ini tidak bunuh diri. Dell Teague telah dibunuh, sama seperti kekasihnya yang pemberani. Saya membuka mata. Hollis Boxleitner telah berbalik untuk memeriksa apa yang sedang saya lakukan. Saya menatap wajah serius wakil. ""Tidak ada bunuh diri di sini,"" kataku.",Fri Oct 17 21:37:59 2025
1,101,0,"I don't like being treated like a confidence trickster, and I'm sure Tolliver likes it even less. I retreat inside myself, and I don't let them touch my quick. Tolliver tries to do that, too, but he is less successful. He gets very upset when people impugn our honor.","Saya tidak suka diperlakukan seperti penipu ulung, dan saya yakin Tolliver bahkan lebih tidak menyukainya. Saya menarik diri ke dalam diri saya sendiri, dan saya tidak membiarkan mereka menyentuh saraf sensitif saya. Tolliver mencoba melakukan hal itu juga, tetapi dia kurang berhasil. Dia sangat kesal ketika orang-orang mencemarkan nama baik kami.",Fri Oct 17 21:38:02 2025
1,101,1.5,"I don't like being treated like a confidence trickster, and I'm sure Tolliver likes it even less. I retreat inside myself, and I don't let them touch my quick. Tolliver tries to do that, too, but he is less successful. He gets very upset when people impugn our honor.","Saya tidak suka diperlakukan seperti penipu ulung, dan saya yakin Tolliver bahkan lebih tidak menyukainya. Saya menarik diri ke dalam diri sendiri, dan saya tidak membiarkan mereka menyentuh kecerdikan saya. Tolliver mencoba untuk melakukan itu juga, tetapi dia kurang berhasil. Dia sangat kesal ketika orang-orang mencemarkan kehormatan kami.",Fri Oct 17 21:38:04 2025
2,202,0,"I don't like being treated like a confidence trickster, and I'm sure Tolliver likes it even less. I retreat inside myself, and I don't let them touch my quick. Tolliver tries to do that, too, but he is less successful. He gets very upset when people impugn our honor.","Saya tidak menyukai diperlakukan seperti penipu kepercayaan, dan saya yakin Tolliver bahkan kurang menyukainya. Saya menarik diri ke dalam diri saya sendiri, dan saya tidak membiarkan mereka menyentuh kecerdikan saya. Tolliver mencoba melakukan itu juga, tetapi dia kurang berhasil. Dia sangat kesal ketika orang-orang mencoreng kehormatan kami.",Fri Oct 17 21:38:07 2025
2,202,1.5,"I don't like being treated like a confidence trickster, and I'm sure Tolliver likes it even less. I retreat inside myself, and I don't let them touch my quick. Tolliver tries to do that, too, but he is less successful. He gets very upset when people impugn our honor.","Saya tidak suka diperlakukan seperti penipu ulung, dan saya yakin Tolliver bahkan lebih tidak menyukainya. Saya menarik diri ke dalam diri sendiri, dan saya tidak mengizinkan mereka menyentuh inti saya. Tolliver mencoba melakukan hal itu pula, tetapi dia kurang berhasil. Dia sangat kesal ketika orang mencoreng kehormatan kami.",Fri Oct 17 21:38:09 2025
3,303,0,"I don't like being treated like a confidence trickster, and I'm sure Tolliver likes it even less. I retreat inside myself, and I don't let them touch my quick. Tolliver tries to do that, too, but he is less successful. He gets very upset when people impugn our honor.","Saya tidak suka diperlakukan seperti penipu ulung, dan saya yakin Tolliver bahkan lebih tidak menyukainya. Saya menarik diri ke dalam diri saya sendiri, dan saya tidak membiarkan mereka menyentuh akal saya yang cepat. Tolliver mencoba melakukan hal itu juga, tetapi dia kurang berhasil. Dia sangat kesal ketika orang mencoreng kehormatan kita.",Fri Oct 17 21:38:11 2025
3,303,1.5,"I don't like being treated like a confidence trickster, and I'm sure Tolliver likes it even less. I retreat inside myself, and I don't let them touch my quick. Tolliver tries to do that, too, but he is less successful. He gets very upset when people impugn our honor.","Saya tidak suka diperlakukan seperti penipu ulung, dan saya yakin Tolliver bahkan lebih tidak menyukainya. Saya menarik diri ke dalam diri sendiri, dan saya tidak membiarkan mereka menyentuh inti saya. Tolliver mencoba melakukan hal itu juga, tetapi dia kurang berhasil. Dia sangat kesal ketika orang-orang mencoreng kehormatan kami.",Fri Oct 17 21:38:13 2025
4,404,0,"I don't like being treated like a confidence trickster, and I'm sure Tolliver likes it even less. I retreat inside myself, and I don't let them touch my quick. Tolliver tries to do that, too, but he is less successful. He gets very upset when people impugn our honor.","Saya tidak suka diperlakukan seperti penipu ulung, dan saya yakin Tolliver bahkan lebih tidak menyukainya. Saya menarik diri ke dalam diri sendiri, dan saya tidak membiarkan mereka menyentuh kecerdikan saya. Tolliver mencoba melakukan hal itu juga, tetapi dia kurang berhasil. Dia sangat kesal ketika orang-orang mencoreng kehormatan kami.",Fri Oct 17 21:38:16 2025
4,404,1.5,"I don't like being treated like a confidence trickster, and I'm sure Tolliver likes it even less. I retreat inside myself, and I don't let them touch my quick. Tolliver tries to do that, too, but he is less successful. He gets very upset when people impugn our honor.","Saya tidak suka diperlakukan seperti penipu ulung, dan saya yakin Tolliver bahkan lebih tidak menyukainya. Saya menarik diri ke dalam diri saya sendiri, dan saya tidak membiarkan mereka menyentuh saraf sensitif saya. Tolliver mencoba melakukan hal itu juga, tetapi dia kurang berhasil. Dia sangat kesal ketika orang-orang mencoreng kehormatan kami.",Fri Oct 17 21:38:18 2025
5,505,0,"I don't like being treated like a confidence trickster, and I'm sure Tolliver likes it even less. I retreat inside myself, and I don't let them touch my quick. Tolliver tries to do that, too, but he is less successful. He gets very upset when people impugn our honor.","Saya tidak suka diperlakukan seperti penipu ulung, dan saya yakin Tolliver bahkan lebih tidak menyukainya. Saya menarik diri ke dalam diri saya sendiri, dan saya tidak membiarkan mereka menyentuh inti saya. Tolliver mencoba melakukan itu juga, tetapi dia kurang berhasil. Dia sangat kesal ketika orang mencoreng kehormatan kami.",Fri Oct 17 21:38:20 2025
5,505,1.5,"I don't like being treated like a confidence trickster, and I'm sure Tolliver likes it even less. I retreat inside myself, and I don't let them touch my quick. Tolliver tries to do that, too, but he is less successful. He gets very upset when people impugn our honor.","Saya tidak suka diperlakukan seperti penipu ulung, dan saya yakin Tolliver bahkan lebih tidak menyukainya. Saya menarik diri ke dalam diri saya sendiri, dan saya tidak membiarkan mereka menyentuh kecerdasan saya. Tolliver mencoba melakukan hal itu juga, tetapi dia kurang berhasil. Dia sangat kesal ketika orang-orang mencemarkan nama baik kita.",Fri Oct 17 21:38:22 2025
1,101,0,"""Tell me about your dream house,"" Hollis said, smiling.

""Okay,"" I said, slowly. This was something I didn't talk about too often. ""It will have to be off the beaten road, of course. I want it to look like a log cabin, but without the inconveniences of a real log cabin. I found a plan on the Internet, and I bought it. But of course, I want to alter it a little.""

""Of course,"" he said, taking a sip of beer. ""

It would be two bedrooms and a study, with a family room. There'd be a kitchen here, with the washroom right off of it."" I was looking down at the table, drawing with my finger. ""Around back, there'd be *aporte cochere* for the cars, so you could carry groceries right into the kitchen without getting wet. There's a deck off the right side of the kitchen, see? Or maybe I'd put it off the family room. That's where the fireplace will be, and you could keep your firewood on the deck. And you could put your gas grill on the deck. For steaks.""","""Ceritakan padaku tentang rumah impianmu,"" kata Hollis, sambil tersenyum.

""Baiklah,"" ujarku, perlahan. Ini adalah sesuatu yang jarang sekali ku bicarakan. ""Tentu saja, rumah itu harus berada di luar jalur utama. Aku ingin tampilannya seperti pondok kayu, tetapi tanpa ketidaknyamanan pondok kayu yang sebenarnya. Aku menemukan rancangannya di Internet, dan aku membelinya. Tapi tentu saja, aku ingin mengubahnya sedikit.""

""Tentu,"" katanya, sambil meneguk bir.

Akan ada dua kamar tidur dan sebuah ruang kerja, dengan ruang keluarga. Akan ada dapur di sini, dengan kamar mandi tepat di sampingnya. Aku menunduk melihat meja, menggambar dengan jariku. ""Di bagian belakang, akan ada *apote cochere* untuk mobil, sehingga Anda dapat membawa belanjaan langsung ke dapur tanpa basah. Ada teras di sisi kanan dapur, lihat? Atau mungkin aku akan menempatkannya di samping ruang keluarga. Di sanalah perapian akan berada, dan Anda dapat menyimpan kayu bakar di teras. Dan Anda bisa meletakkan pemanggang gas di teras. Untuk steak.""",Fri Oct 17 21:38:31 2025
1,101,1.5,"""Tell me about your dream house,"" Hollis said, smiling.

""Okay,"" I said, slowly. This was something I didn't talk about too often. ""It will have to be off the beaten road, of course. I want it to look like a log cabin, but without the inconveniences of a real log cabin. I found a plan on the Internet, and I bought it. But of course, I want to alter it a little.""

""Of course,"" he said, taking a sip of beer. ""

It would be two bedrooms and a study, with a family room. There'd be a kitchen here, with the washroom right off of it."" I was looking down at the table, drawing with my finger. ""Around back, there'd be *aporte cochere* for the cars, so you could carry groceries right into the kitchen without getting wet. There's a deck off the right side of the kitchen, see? Or maybe I'd put it off the family room. That's where the fireplace will be, and you could keep your firewood on the deck. And you could put your gas grill on the deck. For steaks.""","""Ceritakan tentang rumah impianmu,"" kata Hollis sambil tersenyum.

""Baiklah,"" jawabku, perlahan. Ini adalah sesuatu yang jarang sekali saya bicarakan. ""Tentu saja, rumah itu harus berada di luar jalur utama. Saya ingin tampilannya seperti kabin kayu, tetapi tanpa ketidaknyamanan kabin kayu yang sebenarnya. Saya menemukan rancangannya di Internet, dan saya membelinya. Tapi tentu saja, saya ingin mengubahnya sedikit.""

""Tentu,"" katanya, sambil meneguk bir.

Akan ada dua kamar tidur dan ruang kerja, dengan ruang keluarga. Akan ada dapur di sini, dengan kamar mandi tepat di sebelahnya. Aku menunduk melihat meja, menggambar dengan jariku. ""Di bagian belakang, akan ada *apote cochere* untuk mobil, sehingga Anda bisa membawa belanjaan langsung ke dapur tanpa basah. Ada teras di sisi kanan dapur, lihat? Atau mungkin saya akan menempatkannya di samping ruang keluarga. Di sanalah perapian akan berada, dan Anda bisa menyimpan kayu bakar di teras. Dan Anda bisa meletakkan pemanggang gas di teras. Untuk steak.""",Fri Oct 17 21:38:38 2025
2,202,0,"""Tell me about your dream house,"" Hollis said, smiling.

""Okay,"" I said, slowly. This was something I didn't talk about too often. ""It will have to be off the beaten road, of course. I want it to look like a log cabin, but without the inconveniences of a real log cabin. I found a plan on the Internet, and I bought it. But of course, I want to alter it a little.""

""Of course,"" he said, taking a sip of beer. ""

It would be two bedrooms and a study, with a family room. There'd be a kitchen here, with the washroom right off of it."" I was looking down at the table, drawing with my finger. ""Around back, there'd be *aporte cochere* for the cars, so you could carry groceries right into the kitchen without getting wet. There's a deck off the right side of the kitchen, see? Or maybe I'd put it off the family room. That's where the fireplace will be, and you could keep your firewood on the deck. And you could put your gas grill on the deck. For steaks.""","""Ceritakan padaku tentang rumah impianmu,"" kata Hollis, tersenyum.

""Baiklah,"" jawabku, perlahan. Ini adalah sesuatu yang jarang sekali ku bicarakan. ""Tentu saja, rumah itu harus berada di luar jalur utama. Aku ingin tampilannya seperti pondok kayu, tetapi tanpa ketidaknyamanan pondok kayu yang sebenarnya. Aku menemukan rancangannya di Internet, dan aku membelinya. Tapi tentu saja, aku ingin mengubahnya sedikit.""

""Tentu,"" katanya, sambil meneguk bir.

Akan ada dua kamar tidur dan sebuah ruang kerja, dengan ruang keluarga. Akan ada dapur di sini, dengan kamar mandi tepat di sampingnya. Aku menunduk melihat meja, menggambar dengan jariku. ""Di bagian belakang, akan ada *apote cochere* untuk mobil, sehingga Anda bisa membawa belanjaan langsung ke dapur tanpa basah. Ada teras di sisi kanan dapur, lihat? Atau mungkin aku akan menempatkannya di samping ruang keluarga. Di sanalah perapian akan berada, dan Anda bisa menyimpan kayu bakar di teras. Dan Anda bisa meletakkan pemanggang gas di teras. Untuk steak.""",Fri Oct 17 21:38:45 2025
2,202,1.5,"""Tell me about your dream house,"" Hollis said, smiling.

""Okay,"" I said, slowly. This was something I didn't talk about too often. ""It will have to be off the beaten road, of course. I want it to look like a log cabin, but without the inconveniences of a real log cabin. I found a plan on the Internet, and I bought it. But of course, I want to alter it a little.""

""Of course,"" he said, taking a sip of beer. ""

It would be two bedrooms and a study, with a family room. There'd be a kitchen here, with the washroom right off of it."" I was looking down at the table, drawing with my finger. ""Around back, there'd be *aporte cochere* for the cars, so you could carry groceries right into the kitchen without getting wet. There's a deck off the right side of the kitchen, see? Or maybe I'd put it off the family room. That's where the fireplace will be, and you could keep your firewood on the deck. And you could put your gas grill on the deck. For steaks.""","“Ceritakan tentang rumah impianmu,” kata Hollis sambil tersenyum.

“Baiklah,” jawabku, perlahan. Ini adalah sesuatu yang jarang sekali saya bicarakan. “Tentu saja, rumah itu harus berada di luar jalur umum. Saya ingin tampilannya seperti pondok kayu, tetapi tanpa ketidaknyamanan pondok kayu yang sebenarnya. Saya menemukan rancangan di Internet, dan saya membelinya. Tetapi tentu saja, saya ingin mengubahnya sedikit.”

“Tentu,” katanya, sambil menyesap bir.

Akan ada dua kamar tidur dan ruang kerja, dengan ruang keluarga. Akan ada dapur di sini, dengan kamar mandi tepat di sampingnya. Aku menunduk melihat meja, menggambar dengan jariku. “Di bagian belakang, akan ada *apote cochere* untuk mobil, sehingga Anda bisa membawa belanjaan langsung ke dapur tanpa basah. Ada teras di sisi kanan dapur, lihat? Atau mungkin saya akan menempatkannya di samping ruang keluarga. Di sanalah perapian akan berada, dan Anda bisa menyimpan kayu bakar di teras. Dan Anda bisa meletakkan pemanggang gas di teras. Untuk steak.”",Fri Oct 17 21:38:52 2025
3,303,0,"""Tell me about your dream house,"" Hollis said, smiling.

""Okay,"" I said, slowly. This was something I didn't talk about too often. ""It will have to be off the beaten road, of course. I want it to look like a log cabin, but without the inconveniences of a real log cabin. I found a plan on the Internet, and I bought it. But of course, I want to alter it a little.""

""Of course,"" he said, taking a sip of beer. ""

It would be two bedrooms and a study, with a family room. There'd be a kitchen here, with the washroom right off of it."" I was looking down at the table, drawing with my finger. ""Around back, there'd be *aporte cochere* for the cars, so you could carry groceries right into the kitchen without getting wet. There's a deck off the right side of the kitchen, see? Or maybe I'd put it off the family room. That's where the fireplace will be, and you could keep your firewood on the deck. And you could put your gas grill on the deck. For steaks.""","""Ceritakan tentang rumah impian Anda,"" kata Hollis, sambil tersenyum.

""Baiklah,"" jawab saya, perlahan. Ini adalah sesuatu yang jarang saya bicarakan. ""Tentu saja, rumah itu harus berada di luar jalur utama. Saya ingin tampilannya seperti pondok kayu, tetapi tanpa ketidaknyamanan pondok kayu sungguhan. Saya menemukan rancangannya di Internet, dan saya membelinya. Tapi tentu saja, saya ingin memodifikasinya sedikit.""

""Tentu,"" katanya, sambil meneguk bir.

Akan ada dua kamar tidur dan ruang kerja, dengan ruang keluarga. Akan ada dapur di sini, dengan kamar mandi tepat di sampingnya. Saya menunduk melihat meja, menggambar dengan jari saya. ""Di bagian belakang, akan ada *apote cochere* untuk mobil, sehingga Anda bisa membawa belanjaan langsung ke dapur tanpa basah. Ada teras di sisi kanan dapur, tahu? Atau mungkin saya akan menempatkannya di samping ruang keluarga. Di sanalah perapian akan berada, dan Anda bisa menyimpan kayu bakar di teras. Dan Anda bisa meletakkan pemanggang gas Anda di teras. Untuk steak.""",Fri Oct 17 21:38:59 2025
3,303,1.5,"""Tell me about your dream house,"" Hollis said, smiling.

""Okay,"" I said, slowly. This was something I didn't talk about too often. ""It will have to be off the beaten road, of course. I want it to look like a log cabin, but without the inconveniences of a real log cabin. I found a plan on the Internet, and I bought it. But of course, I want to alter it a little.""

""Of course,"" he said, taking a sip of beer. ""

It would be two bedrooms and a study, with a family room. There'd be a kitchen here, with the washroom right off of it."" I was looking down at the table, drawing with my finger. ""Around back, there'd be *aporte cochere* for the cars, so you could carry groceries right into the kitchen without getting wet. There's a deck off the right side of the kitchen, see? Or maybe I'd put it off the family room. That's where the fireplace will be, and you could keep your firewood on the deck. And you could put your gas grill on the deck. For steaks.""","""Ceritakan tentang rumah impianmu,"" kata Hollis, sambil tersenyum.

""Baiklah,"" jawabku, perlahan. Ini adalah sesuatu yang jarang sekali saya bicarakan. ""Tentu saja, rumah itu harus terletak jauh dari jalan utama. Saya ingin tampilannya seperti pondok kayu, tetapi tanpa ketidaknyamanan sebuah pondok kayu yang sebenarnya. Saya menemukan rancangannya di Internet, dan saya membelinya. Tapi tentu saja, saya ingin sedikit mengubahnya.""

""Tentu saja,"" katanya, sambil meneguk bir.

Akan ada dua kamar tidur dan sebuah ruang kerja, dengan ruang keluarga. Akan ada dapur di sini, dengan kamar mandi tepat di sampingnya. Aku menunduk melihat meja, menggambar dengan jari. ""Di bagian belakang, akan ada *apote cochere* untuk mobil, sehingga Anda dapat membawa belanjaan langsung ke dapur tanpa basah. Ada teras di sisi kanan dapur, lihat? Atau mungkin saya akan menempatkannya di samping ruang keluarga. Di sanalah perapian akan berada, dan Anda bisa menyimpan kayu bakar di teras. Dan Anda bisa meletakkan pemanggang gas di teras. Untuk steak.""",Fri Oct 17 21:39:06 2025
4,404,0,"""Tell me about your dream house,"" Hollis said, smiling.

""Okay,"" I said, slowly. This was something I didn't talk about too often. ""It will have to be off the beaten road, of course. I want it to look like a log cabin, but without the inconveniences of a real log cabin. I found a plan on the Internet, and I bought it. But of course, I want to alter it a little.""

""Of course,"" he said, taking a sip of beer. ""

It would be two bedrooms and a study, with a family room. There'd be a kitchen here, with the washroom right off of it."" I was looking down at the table, drawing with my finger. ""Around back, there'd be *aporte cochere* for the cars, so you could carry groceries right into the kitchen without getting wet. There's a deck off the right side of the kitchen, see? Or maybe I'd put it off the family room. That's where the fireplace will be, and you could keep your firewood on the deck. And you could put your gas grill on the deck. For steaks.""","""Ceritakan padaku tentang rumah impianmu,"" kata Hollis, sambil tersenyum.

""Baiklah,"" jawabku, perlahan. Ini adalah sesuatu yang jarang sekali ku bicarakan. ""Tentu saja, rumah itu harus berada di luar jalur yang umum. Aku ingin tampilannya seperti pondok kayu, tetapi tanpa ketidaknyamanan pondok kayu sungguhan. Aku menemukan rancangan di Internet dan membelinya. Tapi tentu saja, aku ingin mengubahnya sedikit.""

""Tentu,"" katanya, sambil meneguk bir.

Akan ada dua kamar tidur dan ruang kerja, beserta ruang keluarga. Akan ada dapur di sini, dengan kamar mandi tepat di sampingnya. Aku menunduk melihat meja, menggambar dengan jariku. ""Di bagian belakang, akan ada *apote cochere* untuk mobil, sehingga Anda bisa membawa belanjaan langsung ke dapur tanpa basah. Ada teras di sisi kanan dapur, lihat? Atau mungkin aku akan menempatkannya di sisi ruang keluarga. Di sanalah perapian akan berada, dan Anda bisa menyimpan kayu bakar di teras. Dan Anda bisa meletakkan pemanggang gas di teras. Untuk steak.""",Fri Oct 17 21:39:13 2025
4,404,1.5,"""Tell me about your dream house,"" Hollis said, smiling.

""Okay,"" I said, slowly. This was something I didn't talk about too often. ""It will have to be off the beaten road, of course. I want it to look like a log cabin, but without the inconveniences of a real log cabin. I found a plan on the Internet, and I bought it. But of course, I want to alter it a little.""

""Of course,"" he said, taking a sip of beer. ""

It would be two bedrooms and a study, with a family room. There'd be a kitchen here, with the washroom right off of it."" I was looking down at the table, drawing with my finger. ""Around back, there'd be *aporte cochere* for the cars, so you could carry groceries right into the kitchen without getting wet. There's a deck off the right side of the kitchen, see? Or maybe I'd put it off the family room. That's where the fireplace will be, and you could keep your firewood on the deck. And you could put your gas grill on the deck. For steaks.""","""Ceritakan padaku tentang rumah impianmu,"" kata Hollis, sambil tersenyum.

""Baiklah,"" jawabku, perlahan. Ini adalah sesuatu yang jarang sekali saya bicarakan. ""Tentu saja, rumah itu harus berada di luar jalur utama. Saya ingin tampilannya seperti pondok kayu, tetapi tanpa ketidaknyamanan pondok kayu yang sebenarnya. Saya menemukan sebuah rencana di Internet, dan saya membelinya. Namun, tentu saja, saya ingin sedikit memodifikasinya.""

""Tentu,"" katanya, sambil menyesap bir.

Akan ada dua kamar tidur dan sebuah ruang kerja, dengan ruang keluarga. Akan ada dapur di sini, dengan kamar mandi tepat di sebelahnya. Aku menunduk, menggambar dengan jariku di atas meja. ""Di bagian belakang, akan ada *apote cochere* untuk mobil, sehingga Anda dapat membawa belanjaan langsung ke dapur tanpa basah. Ada teras di sisi kanan dapur, tahu? Atau mungkin saya akan menempatkannya di sisi ruang keluarga. Di sanalah perapian akan berada, dan Anda dapat menyimpan kayu bakar di teras. Dan Anda dapat menempatkan panggangan gas di teras. Untuk steak.""",Fri Oct 17 21:39:20 2025
5,505,0,"""Tell me about your dream house,"" Hollis said, smiling.

""Okay,"" I said, slowly. This was something I didn't talk about too often. ""It will have to be off the beaten road, of course. I want it to look like a log cabin, but without the inconveniences of a real log cabin. I found a plan on the Internet, and I bought it. But of course, I want to alter it a little.""

""Of course,"" he said, taking a sip of beer. ""

It would be two bedrooms and a study, with a family room. There'd be a kitchen here, with the washroom right off of it."" I was looking down at the table, drawing with my finger. ""Around back, there'd be *aporte cochere* for the cars, so you could carry groceries right into the kitchen without getting wet. There's a deck off the right side of the kitchen, see? Or maybe I'd put it off the family room. That's where the fireplace will be, and you could keep your firewood on the deck. And you could put your gas grill on the deck. For steaks.""","""Ceritakan padaku tentang rumah impianmu,"" kata Hollis, sambil tersenyum.

""Baiklah,"" jawabku, perlahan. Ini adalah sesuatu yang jarang sekali ku bicarakan. ""Tentu saja, rumah itu harus berada di luar jalur utama. Aku ingin tampilannya seperti pondok kayu, tetapi tanpa ketidaknyamanan pondok kayu sungguhan. Aku menemukan rancangannya di Internet, dan aku membelinya. Tapi tentu saja, aku ingin mengubahnya sedikit.""

""Tentu,"" katanya, sambil meneguk bir.

Akan ada dua kamar tidur dan ruang kerja, dengan ruang keluarga. Akan ada dapur di sini, dengan kamar mandi tepat di sampingnya. Aku menunduk melihat meja, menggambar dengan jariku. ""Di bagian belakang, akan ada *apote cochere* untuk mobil, sehingga Anda dapat membawa belanjaan langsung ke dapur tanpa basah. Ada teras di sisi kanan dapur, tahu? Atau mungkin aku akan menempatkannya di samping ruang keluarga. Di sanalah perapian akan berada, dan Anda dapat menyimpan kayu bakar di teras. Dan Anda bisa meletakkan pemanggang gas Anda di teras. Untuk steak.""",Fri Oct 17 21:39:27 2025
5,505,1.5,"""Tell me about your dream house,"" Hollis said, smiling.

""Okay,"" I said, slowly. This was something I didn't talk about too often. ""It will have to be off the beaten road, of course. I want it to look like a log cabin, but without the inconveniences of a real log cabin. I found a plan on the Internet, and I bought it. But of course, I want to alter it a little.""

""Of course,"" he said, taking a sip of beer. ""

It would be two bedrooms and a study, with a family room. There'd be a kitchen here, with the washroom right off of it."" I was looking down at the table, drawing with my finger. ""Around back, there'd be *aporte cochere* for the cars, so you could carry groceries right into the kitchen without getting wet. There's a deck off the right side of the kitchen, see? Or maybe I'd put it off the family room. That's where the fireplace will be, and you could keep your firewood on the deck. And you could put your gas grill on the deck. For steaks.""","""Ceritakan tentang rumah impianmu,"" kata Hollis sambil tersenyum.

""Baiklah,"" jawabku, perlahan. Ini adalah sesuatu yang jarang sekali saya bicarakan. ""Tentu saja, rumah itu harus berada di luar jalur utama. Saya ingin tampilannya seperti pondok kayu, tetapi tanpa ketidaknyamanan pondok kayu yang sesungguhnya. Saya menemukan rancangannya di Internet, dan saya membelinya. Tetapi tentu saja, saya ingin sedikit memodifikasinya.""

""Tentu,"" katanya sambil meneguk bir.

Akan ada dua kamar tidur dan ruang kerja, dengan ruang keluarga. Akan ada dapur di sini, dengan kamar mandi tepat di sebelahnya. Aku menunduk melihat meja, menggambar dengan jari. ""Di bagian belakang, akan ada *apote cochere* untuk mobil, sehingga Anda bisa membawa belanjaan langsung ke dapur tanpa basah. Ada teras di sisi kanan dapur, lihat? Atau mungkin saya akan menempatkannya di sisi ruang keluarga. Di sanalah perapian akan berada, dan Anda bisa menyimpan kayu bakar di teras. Dan Anda bisa meletakkan pemanggang gas di teras. Untuk steak.""",Fri Oct 17 21:39:34 2025
