iteration,draft_seed,draft_temp,refinement_seed,refinement_temp,source_text,draft_translation,final_translation,timestamp
1,101,0.7,202,0,"*Suicide, my ass*, was my instant, and silent, reaction. Why hadn't Sybil hired me to come out here to read his grave first, instead of sending me to the woods to find Teenie? Of course this boy hadn't shot himself. Dell Teague had been murdered, just like his wild girlfriend. I opened my eyes. Hollis Boxleitner had swung around to check on what I was doing. I looked into the intent face of the deputy. ""No suicide here,"" I said.","*Bunuh diri? Omong kosong*, reaksi instan dan terdiam saya. Mengapa Sybil tidak mempekerjakan saya untuk mengunjungi makamnya terlebih dahulu, alih-alih mengirim saya ke hutan untuk mencari Teenie? Tentu saja anak ini tidak akan bunuh diri. Dell Teague telah dibunuh, sama seperti kekasihnya yang berani. Saya membuka mata. Hollis Boxleitner telah berbalik untuk memeriksa apa yang saya lakukan. Saya menatap wajah serius wakil. ""Tidak ada bunuh diri di sini,"" kataku.","*Bunuh diri?* pikiranku langsung menyanggah, tanpa suara. Mengapa Sybil tidak menugaskanku untuk memeriksa makamnya terlebih dahulu, bukannya mengirimku ke hutan untuk mencari Teenie? Tentu saja anak ini tidaklah bunuh diri. Dell Teague telah dibunuh, sama seperti kekasihnya yang eksentrik. Aku membuka mata. Hollis Boxleitner telah berbalik untuk melihat apa yang kulakukan. Aku menatap wajah serius wakil. ""Tidak ada aksi bunuh diri di sini,"" kataku.",Fri Oct 17 22:39:46 2025
2,202,0.7,303,0,"*Suicide, my ass*, was my instant, and silent, reaction. Why hadn't Sybil hired me to come out here to read his grave first, instead of sending me to the woods to find Teenie? Of course this boy hadn't shot himself. Dell Teague had been murdered, just like his wild girlfriend. I opened my eyes. Hollis Boxleitner had swung around to check on what I was doing. I looked into the intent face of the deputy. ""No suicide here,"" I said.","*Bunuh diri? Omong kosong*, reaksi instan dan tanpa suara saya. Mengapa Sybil tidak mempekerjakan saya untuk mengunjungi makamnya terlebih dahulu, alih-alih mengirim saya ke hutan untuk mencari Teenie? Tentu saja anak ini tidak bunuh diri. Dell Teague dibunuh, sama seperti kekasihnya yang pemberani. Saya membuka mata. Hollis Boxleitner telah berbalik untuk melihat apa yang sedang saya lakukan. Saya menatap wajah serius wakil polisi itu. ""Tidak ada bunuh diri di sini,"" kataku.","*Bunuh diri?* pikiranku langsung menyanggah, dalam diam. Mengapa Sybil tidak menugaskan saya untuk memeriksa makamnya terlebih dahulu, alih-alih mengirim saya ke hutan untuk mencari Teenie? Tentu saja anak ini tidak melakukan aksi bunuh diri. Dell Teague dibunuh, sama seperti kekasihnya yang eksentrik. Saya membuka mata. Hollis Boxleitner berbalik untuk melihat apa yang saya lakukan. Saya menatap wajah serius petugas polisi itu. ""Tidak, ini bukan kasus bunuh diri,"" ucapku.",Fri Oct 17 22:39:58 2025
3,303,0.7,404,0,"*Suicide, my ass*, was my instant, and silent, reaction. Why hadn't Sybil hired me to come out here to read his grave first, instead of sending me to the woods to find Teenie? Of course this boy hadn't shot himself. Dell Teague had been murdered, just like his wild girlfriend. I opened my eyes. Hollis Boxleitner had swung around to check on what I was doing. I looked into the intent face of the deputy. ""No suicide here,"" I said.","*Bunuh diri, omong kosong*, adalah reaksi instan, dan terdiam, yang muncul dalam diri saya. Mengapa Sybil tidak mempekerjakan saya untuk mengunjungi makamnya terlebih dahulu, alih-alih mengirim saya ke hutan untuk mencari Teenie? Tentu saja anak laki-laki ini tidaklah bunuh diri. Dell Teague telah dibunuh, sama seperti kekasihnya yang bersemangat. Saya membuka mata. Hollis Boxleitner telah berbalik untuk memeriksa apa yang sedang saya lakukan. Saya menatap wajah serius wakil. ""Tidak ada bunuh diri di sini,"" kataku.","Bunuh diri? Omong kosong. Itu adalah reaksi instan dan terdiam yang saya rasakan. Mengapa Sybil tidak meminta saya untuk memeriksa makamnya terlebih dahulu, alih-alih mengirim saya ke hutan untuk mencari Teenie? Tentu saja, pemuda ini tidaklah melakukan aksi bunuh diri. Dell Teague telah dibunuh, sama seperti kekasihnya yang penuh semangat. Saya membuka mata. Hollis Boxleitner berbalik untuk melihat apa yang sedang saya lakukan. Saya menatap wajah serius wakil. ""Tidak ada aksi bunuh diri di sini,"" ucap saya.",Fri Oct 17 22:40:11 2025
4,404,0.7,505,0,"*Suicide, my ass*, was my instant, and silent, reaction. Why hadn't Sybil hired me to come out here to read his grave first, instead of sending me to the woods to find Teenie? Of course this boy hadn't shot himself. Dell Teague had been murdered, just like his wild girlfriend. I opened my eyes. Hollis Boxleitner had swung around to check on what I was doing. I looked into the intent face of the deputy. ""No suicide here,"" I said.","*Bunuh diri? Omong kosong*, itu adalah reaksi instan, dan sunyi, saya. Mengapa Sybil tidak mempekerjakan saya untuk datang ke sini untuk melihat makamnya terlebih dahulu, alih-alih mengirim saya ke hutan untuk mencari Teenie? Tentu saja anak ini tidak akan menembak dirinya sendiri. Dell Teague telah dibunuh, sama seperti kekasihnya yang riang. Saya membuka mata. Hollis Boxleitner telah berbalik untuk memeriksa apa yang sedang saya lakukan. Saya menatap wajah serius wakil. ""Tidak ada bunuh diri di sini,"" kataku.","Bunuh diri? Omong kosong, adalah reaksi instan dan terdiam yang saya rasakan. Mengapa Sybil tidak menugaskan saya untuk mengunjungi makamnya terlebih dahulu, bukannya mengirim saya ke hutan untuk mencari Teenie? Tentu saja, pemuda ini tidaklah bunuh diri. Dell Teague dibunuh, sama seperti kekasihnya yang eksentrik. Saya membuka mata. Hollis Boxleitner berbalik untuk melihat apa yang saya lakukan. Saya menatap wajah serius seorang wakil. “Tidak ada indikasi bunuh diri di sini,” ucap saya.",Fri Oct 17 22:40:24 2025
5,505,0.7,606,0,"*Suicide, my ass*, was my instant, and silent, reaction. Why hadn't Sybil hired me to come out here to read his grave first, instead of sending me to the woods to find Teenie? Of course this boy hadn't shot himself. Dell Teague had been murdered, just like his wild girlfriend. I opened my eyes. Hollis Boxleitner had swung around to check on what I was doing. I looked into the intent face of the deputy. ""No suicide here,"" I said.","*Bunuh diri? Omong kosong*, itu adalah reaksi instan saya, yang sunyi. Mengapa Sybil tidak mempekerjakan saya untuk mengunjungi makamnya terlebih dahulu, alih-alih mengirim saya ke hutan untuk mencari Teenie? Tentu saja anak ini tidak akan bunuh diri. Dell Teague telah dibunuh, sama seperti kekasihnya yang riang. Saya membuka mata. Hollis Boxleitner telah berbalik untuk melihat apa yang saya lakukan. Saya menatap wajah serius seorang wakil. ""Tidak ada bunuh diri di sini,"" kataku.","*Bunuh diri?* pikiranku langsung menyangkal, terdiam. Mengapa Sybil tidak menugaskanku untuk memeriksa makamnya terlebih dahulu, alih-alih mengirimku ke hutan untuk menemukan Teenie? Tentu saja, pemuda ini tidaklah bunuh diri. Dell Teague telah dibunuh, sama seperti kekasihnya yang penuh semangat. Aku membuka mata. Hollis Boxleitner berbalik untuk melihat apa yang kulakukan. Aku menatap wajah tegas seorang wakil. ""Tidak ada indikasi bunuh diri di sini,"" kataku.",Fri Oct 17 22:40:36 2025
1,101,0.7,202,0,"I don't like being treated like a confidence trickster, and I'm sure Tolliver likes it even less. I retreat inside myself, and I don't let them touch my quick. Tolliver tries to do that, too, but he is less successful. He gets very upset when people impugn our honor.","Saya tidak suka diperlakukan seperti penipu ulung, dan saya yakin Tolliver bahkan lebih tidak menyukainya. Saya menarik diri ke dalam diri saya sendiri, dan saya tidak membiarkan mereka menyentuh inti saya. Tolliver mencoba melakukan hal itu juga, tetapi dia kurang berhasil. Dia sangat kesal ketika orang-orang mencoreng kehormatan kami.","Saya tidak menyukai perlakuan seperti orang yang mencoba menipu, dan saya yakin Tolliver bahkan lebih membencinya. Saya menarik diri ke dalam diri saya sendiri, dan tidak mengizinkan mereka untuk memanfaatkan kecerdikan saya. Tolliver juga berusaha melakukan hal itu, tetapi kurang berhasil. Ia sangat tersinggung ketika kehormatan kami dicemarkan.",Fri Oct 17 22:40:44 2025
2,202,0.7,303,0,"I don't like being treated like a confidence trickster, and I'm sure Tolliver likes it even less. I retreat inside myself, and I don't let them touch my quick. Tolliver tries to do that, too, but he is less successful. He gets very upset when people impugn our honor.","Saya tidak suka diperlakukan seperti penipu ulung, dan saya yakin Tolliver bahkan lebih tidak menyukainya. Saya menarik diri ke dalam diri saya sendiri, dan saya tidak membiarkan mereka menyentuh kecerdasan saya. Tolliver mencoba melakukan hal itu juga, tetapi dia kurang berhasil. Dia sangat kesal ketika orang mencemarkan kehormatan kami.","Saya tidak menyukai perlakuan seperti orang yang mencoba menipu, dan saya yakin Tolliver bahkan lebih membencinya. Saya menarik diri ke dalam diri saya, dan tidak mengizinkan mereka untuk memanfaatkan kecerdasan saya. Tolliver mencoba melakukan hal itu pula, tetapi kurang berhasil. Ia sangat tersinggung ketika orang mencemarkan nama baik kami.",Fri Oct 17 22:40:52 2025
3,303,0.7,404,0,"I don't like being treated like a confidence trickster, and I'm sure Tolliver likes it even less. I retreat inside myself, and I don't let them touch my quick. Tolliver tries to do that, too, but he is less successful. He gets very upset when people impugn our honor.","Saya tidak suka diperlakukan seperti penipu ulung, dan saya yakin Tolliver bahkan lebih tidak menyukainya. Saya menarik diri ke dalam diri saya sendiri, dan saya tidak mengizinkan mereka menyentuh kecerdasan saya. Tolliver mencoba melakukan hal itu juga, tetapi kurang berhasil. Ia sangat kesal ketika orang-orang mencoreng kehormatan kita.","Saya tidak suka diperlakukan seperti orang yang mencoba menipu, dan saya yakin Tolliver bahkan lebih tidak menyukainya. Saya mengurung diri dan tidak membiarkan mereka memanfaatkan kecerdasan saya. Tolliver mencoba melakukan hal itu pula, tetapi kurang berhasil. Ia sangat tersinggung ketika kehormatan kami dipertanyakan.",Fri Oct 17 22:41:00 2025
4,404,0.7,505,0,"I don't like being treated like a confidence trickster, and I'm sure Tolliver likes it even less. I retreat inside myself, and I don't let them touch my quick. Tolliver tries to do that, too, but he is less successful. He gets very upset when people impugn our honor.","Saya tidak suka diperlakukan seperti penipu ulung, dan saya yakin Tolliver bahkan lebih tidak menyukainya. Saya menarik diri ke dalam diri sendiri, dan saya tidak membiarkan mereka menyentuh saraf sensitif saya. Tolliver mencoba melakukan hal itu juga, tetapi dia kurang berhasil. Dia sangat kesal ketika orang-orang mencoreng kehormatan kami.","Saya tidak menyukai perlakuan seperti orang yang mencoba menipu, dan saya yakin Tolliver bahkan lebih membencinya. Saya menarik diri ke dalam diri sendiri, dan tidak mengizinkan orang lain memanipulasi saya. Tolliver mencoba melakukan hal itu pula, tetapi kurang berhasil. Ia sangat tersinggung ketika kehormatan kami dicemarkan.",Fri Oct 17 22:41:08 2025
5,505,0.7,606,0,"I don't like being treated like a confidence trickster, and I'm sure Tolliver likes it even less. I retreat inside myself, and I don't let them touch my quick. Tolliver tries to do that, too, but he is less successful. He gets very upset when people impugn our honor.","Saya tidak suka diperlakukan seperti penipu ulung, dan saya yakin Tolliver bahkan lebih tidak menyukainya. Saya menarik diri ke dalam diri saya sendiri, dan saya tidak membiarkan mereka menyentuh saraf sensitif saya. Tolliver mencoba melakukan hal itu juga, tetapi dia kurang berhasil. Dia sangat kesal ketika orang mencoreng kehormatan kami.","Saya tidak menyukai perlakuan seperti orang yang mencoba menipu, dan saya yakin Tolliver bahkan lebih tidak menyukainya. Saya menarik diri ke dalam diri saya, dan tidak mengizinkan mereka untuk memanfaatkan kelemahan saya. Tolliver mencoba melakukan hal itu juga, tetapi kurang berhasil. Ia sangat tersinggung ketika reputasi kami dicemarkan.",Fri Oct 17 22:41:17 2025
1,101,0.7,202,0,"""Tell me about your dream house,"" Hollis said, smiling.

""Okay,"" I said, slowly. This was something I didn't talk about too often. ""It will have to be off the beaten road, of course. I want it to look like a log cabin, but without the inconveniences of a real log cabin. I found a plan on the Internet, and I bought it. But of course, I want to alter it a little.""

""Of course,"" he said, taking a sip of beer. ""

It would be two bedrooms and a study, with a family room. There'd be a kitchen here, with the washroom right off of it."" I was looking down at the table, drawing with my finger. ""Around back, there'd be *aporte cochere* for the cars, so you could carry groceries right into the kitchen without getting wet. There's a deck off the right side of the kitchen, see? Or maybe I'd put it off the family room. That's where the fireplace will be, and you could keep your firewood on the deck. And you could put your gas grill on the deck. For steaks.""","""Ceritakan padaku tentang rumah impianmu,"" kata Hollis, tersenyum.

""Baiklah,"" ujarku, perlahan. Ini adalah sesuatu yang jarang sekali aku bicarakan. ""Tentu saja, rumah itu harus berada di luar jalur utama. Aku ingin tampilannya seperti pondok kayu, tetapi tanpa ketidaknyamanan sebuah pondok kayu yang sebenarnya. Aku menemukan rancangannya di Internet, dan aku membelinya. Tapi tentu saja, aku ingin mengubahnya sedikit.""

""Tentu saja,"" katanya, sambil menyesap bir.

Akan ada dua kamar tidur dan sebuah ruang kerja, dengan ruang keluarga. Akan ada dapur di sini, dengan kamar mandi tepat di sampingnya. Aku menunduk melihat meja, menggambar dengan jariku. ""Di bagian belakang, akan ada *apote cochere* untuk mobil, sehingga kamu bisa membawa belanjaan langsung ke dapur tanpa basah. Ada teras di sisi kanan dapur, lihat? Atau mungkin aku akan menempatkannya di samping ruang keluarga. Di sanalah perapian akan berada, dan kamu bisa menyimpan kayu bakar di teras. Dan kamu bisa meletakkan pemanggang gas di teras. Untuk steak.""","""Ceritakan tentang rumah impianmu,"" kata Hollis, sambil tersenyum.

""Baiklah,"" jawabku, perlahan. Ini adalah topik yang jarang sekali kuangkat. ""Tentu saja, rumah itu harus terletak jauh dari jalan utama. Aku ingin desainnya menyerupai rumah kayu, namun tanpa kekurangan yang melekat pada rumah kayu konvensional. Aku menemukan rancangan tersebut di internet dan membelinya. Akan tetapi, tentu saja, aku bermaksud untuk sedikit memodifikasinya.""

""Tentu saja,"" jawabnya, sambil meneguk bir.

Rumah itu akan memiliki dua kamar tidur dan sebuah ruang kerja, serta ruang keluarga. Akan ada dapur, dengan kamar mandi yang berdekatan. Aku menunduk, menggambar sesuatu di meja dengan jari. ""Di bagian belakang, akan ada *carport* untuk kendaraan, sehingga memungkinkan untuk membawa belanja langsung ke dapur tanpa terkena hujan. Terdapat teras di sisi kanan dapur. Atau mungkin aku akan menempatkannya di sisi ruang keluarga. Di sanalah perapian akan berada, dan kayu bakar dapat disimpan di teras. Selain itu, aku berencana meletakkan *barbecue grill* di teras untuk memanggang daging.""",Fri Oct 17 22:41:40 2025
2,202,0.7,303,0,"""Tell me about your dream house,"" Hollis said, smiling.

""Okay,"" I said, slowly. This was something I didn't talk about too often. ""It will have to be off the beaten road, of course. I want it to look like a log cabin, but without the inconveniences of a real log cabin. I found a plan on the Internet, and I bought it. But of course, I want to alter it a little.""

""Of course,"" he said, taking a sip of beer. ""

It would be two bedrooms and a study, with a family room. There'd be a kitchen here, with the washroom right off of it."" I was looking down at the table, drawing with my finger. ""Around back, there'd be *aporte cochere* for the cars, so you could carry groceries right into the kitchen without getting wet. There's a deck off the right side of the kitchen, see? Or maybe I'd put it off the family room. That's where the fireplace will be, and you could keep your firewood on the deck. And you could put your gas grill on the deck. For steaks.""","""Ceritakan padaku tentang rumah impianmu,"" kata Hollis, sambil tersenyum.

""Baiklah,"" ujarku, perlahan. Ini adalah sesuatu yang jarang sekali aku bicarakan. ""Tentu saja, rumah itu harus berada di luar jalur utama. Aku ingin tampilannya seperti pondok kayu, tetapi tanpa ketidaknyamanan pondok kayu yang sebenarnya. Aku menemukan rancangannya di Internet, dan aku membelinya. Tapi tentu saja, aku ingin mengubahnya sedikit.""

""Tentu,"" katanya, sambil meneguk bir.

Akan ada dua kamar tidur dan ruang kerja, dengan ruang keluarga. Akan ada dapur di sini, dengan kamar mandi tepat di sampingnya. Aku menunduk melihat meja, menggambar dengan jariku. ""Di bagian belakang, akan ada *apote cochere* untuk mobil, sehingga Anda bisa membawa belanjaan langsung ke dapur tanpa basah. Ada teras di sisi kanan dapur, lihat? Atau mungkin aku akan menempatkannya di samping ruang keluarga. Di sanalah perapian akan berada, dan Anda bisa menyimpan kayu bakar di teras. Dan Anda bisa meletakkan pemanggang gas di teras. Untuk steak.""","""Ceritakan tentang rumah impianmu,"" kata Hollis, sambil tersenyum.

""Baiklah,"" jawabku, perlahan. Ini adalah topik yang jarang sekali saya bicarakan. ""Tentu saja, rumah itu harus terletak jauh dari jalan utama. Saya ingin desainnya menyerupai rumah kayu, tetapi tanpa ketidaknyamanan yang melekat pada rumah kayu tradisional. Saya menemukan rancangannya di internet, dan membelinya. Namun, tentu saja, saya berencana untuk melakukan beberapa modifikasi.""

""Tentu,"" jawabnya, sambil menghirup bir.

Rumah itu akan memiliki dua kamar tidur dan sebuah ruang kerja, serta ruang keluarga. Akan ada dapur, dengan kamar mandi yang bersebelahan langsung dengannya. Saya menunduk, menggambar sesuatu di meja dengan jari. ""Di bagian belakang, akan ada *carport* untuk kendaraan, sehingga Anda dapat membawa belanjaan langsung ke dapur tanpa terkena hujan. Terdapat teras di sisi kanan dapur. Atau mungkin saya akan menempatkannya di samping ruang keluarga. Di sanalah perapian akan berada, dan kayu bakar dapat disimpan di teras. Selain itu, saya berencana untuk meletakkan pemanggang gas di teras tersebut. Untuk memanggang steak.""",Fri Oct 17 22:42:04 2025
3,303,0.7,404,0,"""Tell me about your dream house,"" Hollis said, smiling.

""Okay,"" I said, slowly. This was something I didn't talk about too often. ""It will have to be off the beaten road, of course. I want it to look like a log cabin, but without the inconveniences of a real log cabin. I found a plan on the Internet, and I bought it. But of course, I want to alter it a little.""

""Of course,"" he said, taking a sip of beer. ""

It would be two bedrooms and a study, with a family room. There'd be a kitchen here, with the washroom right off of it."" I was looking down at the table, drawing with my finger. ""Around back, there'd be *aporte cochere* for the cars, so you could carry groceries right into the kitchen without getting wet. There's a deck off the right side of the kitchen, see? Or maybe I'd put it off the family room. That's where the fireplace will be, and you could keep your firewood on the deck. And you could put your gas grill on the deck. For steaks.""","""Ceritakan tentang rumah impianmu,"" kata Hollis, sambil tersenyum.

""Baiklah,"" ujarku, perlahan. Ini adalah sesuatu yang jarang sekali aku bicarakan. ""Tentu saja, rumah itu harus terletak di luar jalur utama. Aku ingin tampilannya seperti pondok kayu, tetapi tanpa ketidaknyamanan pondok kayu sungguhan. Aku menemukan rancangannya di internet, dan aku membelinya. Tapi tentu saja, aku ingin memodifikasinya sedikit.""

""Tentu,"" katanya, sambil meneguk bir.

Akan ada dua kamar tidur dan ruang kerja, dengan ruang keluarga. Akan ada dapur di sini, dengan kamar mandi tepat di sampingnya. Aku menunduk melihat meja, menggambar dengan jariku. ""Di bagian belakang, akan ada *apote cochere* untuk mobil, sehingga kamu bisa membawa belanjaan langsung ke dapur tanpa basah. Ada teras di sisi kanan dapur, lihat? Atau mungkin aku akan menempatkannya di samping ruang keluarga. Di sanalah perapian akan berada, dan kamu bisa menyimpan kayu bakar di teras. Dan kamu bisa meletakkan pemanggang gas di teras. Untuk steak.""","""Ceritakan tentang rumah impianmu,"" kata Hollis, sambil tersenyum.

""Baiklah,"" jawabku, dengan nada pelan. Ini adalah sesuatu yang jarang sekali saya bicarakan. ""Tentu saja, rumah itu harus berada di luar jalur utama. Saya ingin rumah itu tampak seperti rumah kayu, tetapi tanpa ketidaknyamanan yang umumnya menyertai rumah kayu asli. Saya menemukan rancangannya di internet, dan membelinya. Namun, tentu saja, saya berencana untuk sedikit memodifikasinya.""

""Tentu,"" jawabnya, sambil menyesap bir.

Rumah itu akan memiliki dua kamar tidur dan sebuah ruang kerja, serta ruang keluarga. Akan ada dapur, dengan kamar mandi yang berdekatan. Saya menunduk, menggambar sesuatu di meja dengan jari. ""Di bagian belakang, akan ada *carport* untuk kendaraan, sehingga memungkinkan untuk membawa belanja langsung ke dapur tanpa terkena hujan. Terdapat teras di sisi kanan dapur, Anda lihat? Atau mungkin saya akan menempatkannya di sisi ruang keluarga. Di sanalah perapian akan berada, dan kayu bakar dapat disimpan di teras. Selain itu, saya berencana untuk meletakkan pemanggang gas di teras tersebut. Untuk memanggang daging.""

**Translator's Note:** *Aporte cochere* is rendered as *carport* as it is the more commonly understood term for a covered parking space in Indonesian. The phrase ""memanggang daging"" is used to clarify the function of the gas grill, conveying the intended meaning of ""steak"" in a more natural Indonesian phrasing. The use of ""Anda"" instead of ""kamu"" maintains a level of formality appropriate for the context.",Fri Oct 17 22:42:30 2025
4,404,0.7,505,0,"""Tell me about your dream house,"" Hollis said, smiling.

""Okay,"" I said, slowly. This was something I didn't talk about too often. ""It will have to be off the beaten road, of course. I want it to look like a log cabin, but without the inconveniences of a real log cabin. I found a plan on the Internet, and I bought it. But of course, I want to alter it a little.""

""Of course,"" he said, taking a sip of beer. ""

It would be two bedrooms and a study, with a family room. There'd be a kitchen here, with the washroom right off of it."" I was looking down at the table, drawing with my finger. ""Around back, there'd be *aporte cochere* for the cars, so you could carry groceries right into the kitchen without getting wet. There's a deck off the right side of the kitchen, see? Or maybe I'd put it off the family room. That's where the fireplace will be, and you could keep your firewood on the deck. And you could put your gas grill on the deck. For steaks.""","""Ceritakan padaku tentang rumah impianmu,"" kata Hollis, tersenyum.

""Baiklah,"" ujarku, perlahan. Ini adalah sesuatu yang jarang sekali aku bicarakan. ""Tentu saja, rumah itu harus berada di luar jalur utama. Aku ingin tampilannya seperti kabin kayu, tetapi tanpa ketidaknyamanan kabin kayu yang sebenarnya. Aku menemukan rancangannya di Internet, dan aku membelinya. Tapi tentu saja, aku ingin mengubahnya sedikit.""

""Tentu saja,"" katanya, meneguk bir.

Akan ada dua kamar tidur dan ruang kerja, dengan ruang keluarga. Akan ada dapur di sini, dengan kamar mandi tepat di sampingnya. Aku menunduk melihat meja, menggambar dengan jariku. ""Di bagian belakang, akan ada *apote cochere* untuk mobil, jadi Anda bisa membawa belanjaan langsung ke dapur tanpa basah. Ada teras di sisi kanan dapur, lihat? Atau mungkin aku akan menempatkannya di samping ruang keluarga. Di sanalah perapian akan berada, dan Anda bisa menyimpan kayu bakar di teras. Dan Anda bisa meletakkan pemanggang gas di teras. Untuk steak.""","""Ceritakan padaku tentang rumah impianmu,"" kata Hollis, sambil tersenyum.

""Baiklah,"" jawabku, perlahan. Ini adalah sesuatu yang jarang sekali kuungkapkan. ""Tentu saja, rumah itu harus terletak jauh dari jalan utama. Aku ingin desainnya menyerupai pondok kayu, namun tanpa segala ketidaknyamanan yang melekat pada pondok kayu sungguhan. Aku menemukan rancangannya di internet, dan membelinya. Akan tetapi, tentu saja, aku berencana untuk memodifikasinya sedikit.""

""Tentu saja,"" jawabnya, sambil menyesap bir.

Rumah itu akan memiliki dua kamar tidur dan sebuah ruang kerja, serta ruang keluarga. Akan terdapat dapur, dengan kamar mandi yang berdekatan. Aku menunduk, menggambar sesuatu di atas meja dengan jari. ""Di bagian belakang, akan ada *carport* untuk kendaraan, sehingga memungkinkan untuk membawa belanjaan langsung ke dapur tanpa terkena hujan. Terdapat teras di sisi kanan dapur. Atau mungkin aku akan menempatkannya di sisi ruang keluarga. Di sanalah perapian akan berada, dan kayu bakar dapat disimpan di teras. Dan aku bisa meletakkan pemanggang gas di teras untuk memanggang daging.""",Fri Oct 17 22:42:54 2025
5,505,0.7,606,0,"""Tell me about your dream house,"" Hollis said, smiling.

""Okay,"" I said, slowly. This was something I didn't talk about too often. ""It will have to be off the beaten road, of course. I want it to look like a log cabin, but without the inconveniences of a real log cabin. I found a plan on the Internet, and I bought it. But of course, I want to alter it a little.""

""Of course,"" he said, taking a sip of beer. ""

It would be two bedrooms and a study, with a family room. There'd be a kitchen here, with the washroom right off of it."" I was looking down at the table, drawing with my finger. ""Around back, there'd be *aporte cochere* for the cars, so you could carry groceries right into the kitchen without getting wet. There's a deck off the right side of the kitchen, see? Or maybe I'd put it off the family room. That's where the fireplace will be, and you could keep your firewood on the deck. And you could put your gas grill on the deck. For steaks.""","""Ceritakan tentang rumah impianmu,"" kata Hollis, sambil tersenyum.

""Baiklah,"" jawabku, perlahan. Ini adalah sesuatu yang jarang sekali saya bicarakan. ""Tentu saja, rumah itu harus berada di luar jalur utama. Saya ingin tampilannya seperti pondok kayu, tetapi tanpa ketidaknyamanan pondok kayu sungguhan. Saya menemukan rancangannya di Internet, dan saya membelinya. Tapi tentu saja, saya ingin mengubahnya sedikit.""

""Tentu saja,"" katanya, sambil meneguk bir.

Akan ada dua kamar tidur dan ruang kerja, dengan ruang keluarga. Akan ada dapur di sini, dengan kamar mandi tepat di sebelahnya. Aku menunduk melihat meja, menggambar dengan jariku. ""Di belakang, akan ada *apote cochere* untuk mobil, jadi Anda bisa membawa belanjaan langsung ke dapur tanpa basah. Ada dek di sisi kanan dapur, lihat? Atau mungkin saya akan menempatkannya di samping ruang keluarga. Di sanalah perapian akan berada, dan Anda bisa menyimpan kayu bakar di dek. Dan Anda bisa menempatkan pemanggang gas di dek. Untuk steak.""","""Ceritakan tentang rumah impian Anda,"" kata Hollis, sambil tersenyum.

""Baiklah,"" jawab saya, perlahan. Ini adalah sesuatu yang jarang sekali saya bicarakan. ""Tentu saja, rumah itu harus terletak jauh dari jalan utama. Saya ingin rumah itu tampak seperti pondok kayu, tetapi tanpa kekurangan yang ada pada pondok kayu konvensional. Saya menemukan rancangannya di internet dan membelinya. Namun, tentu saja, saya berencana untuk memodifikasinya sedikit.""

""Tentu saja,"" jawabnya, sambil menyeruput bir.

Rumah itu akan memiliki dua kamar tidur dan sebuah ruang kerja, serta ruang keluarga. Akan ada dapur, dengan kamar mandi yang berdekatan. Saya menunduk, menggambar di atas meja dengan jari. ""Di bagian belakang, akan ada *apote cochere* untuk kendaraan, sehingga Anda dapat membawa belanjaan langsung ke dapur tanpa terkena hujan. Terdapat sebuah teras di sisi kanan dapur. Atau mungkin saya akan menempatkannya di samping ruang keluarga. Di sanalah perapian akan berada, dan kayu bakar dapat disimpan di teras. Anda juga dapat meletakkan pemanggang gas di teras untuk memanggang daging.""",Fri Oct 17 22:43:18 2025
