iteration_id,attempt,optimizer_seed,evaluator_seed,optimizer_temp,evaluator_temp,source_text,translation_attempt,rubric,grade,feedback,timestamp
1,1,101,727,1.4,0.7,"*Suicide, my ass*, was my instant, and silent, reaction. Why hadn't Sybil hired me to come out here to read his grave first, instead of sending me to the woods to find Teenie? Of course this boy hadn't shot himself. Dell Teague had been murdered, just like his wild girlfriend. I opened my eyes. Hollis Boxleitner had swung around to check on what I was doing. I looked into the intent face of the deputy. ""No suicide here,"" I said.","*Bunuh diri? Omong kosong*, reaksi instan, dan terdiam, adalah jawaban saya. Mengapa Sybil tidak mempekerjakan saya untuk melihat makamnya dulu, alih-alih mengirim saya ke hutan untuk mencari Teenie? Tentu saja anak ini tidak bunuh diri. Dell Teague dibunuh, sama seperti pacar playboy-nya. Saya membuka mata. Hollis Boxleitner telah berbalik untuk memeriksa apa yang saya lakukan. Saya menatap wajah serius seorang wakil. ""Tidak ada bunuh diri di sini,"" kataku.",,needs_revision,"Feedback:

The translation is generally good, but there are a few areas that need improvement to enhance naturalness and precision.

1. ""Bunuh diri? Omong kosong*"" - While ""Omong kosong"" is a common Indonesian phrase for ""nonsense,"" it can sound a bit informal and perhaps too strong in this context. ""Bukan bunuh diri?"" (Isn't it not suicide?) or ""Bunuh diri? Tidak mungkin"" (Suicide? Impossible) might be more suitable, conveying the disbelief and skepticism more subtly.

2. ""reaksi instan, dan terdiam"" - The comma placement is a bit awkward. ""Reaksi instan dan terdiam"" flows better.

3. ""melihat makamnya dulu"" - The phrasing is a little stiff. ""Melihat ke makamnya terlebih dahulu"" or ""Mengunjungi makamnya terlebih dahulu"" sound more natural.

4. ""pacar playboy-nya"" - This translation is accurate but somewhat clunky. Consider ""pacar yang hidupnya riuh"" (whose life is lively/wild) or ""pacar yang dikenal suka berpesta"" (known for liking to party), depending on the nuance desired. ""Playboy"" is a direct loanword and can sound a bit out of place unless the context justifies it.

5. ""wajah serius seorang wakil"" - ""Serius"" is a good translation of ""intent,"" but ""wajah seorang wakil"" is more natural than ""wajah serius seorang wakil.""

Overall, the translation is understandable, but these changes would make it sound more natural and idiomatic to a native Indonesian speaker. The tone is generally preserved, but the phrasing could be refined for greater impact.",Sun Oct 19 21:49:41 2025
1,2,101,727,1.4,0.7,"*Suicide, my ass*, was my instant, and silent, reaction. Why hadn't Sybil hired me to come out here to read his grave first, instead of sending me to the woods to find Teenie? Of course this boy hadn't shot himself. Dell Teague had been murdered, just like his wild girlfriend. I opened my eyes. Hollis Boxleitner had swung around to check on what I was doing. I looked into the intent face of the deputy. ""No suicide here,"" I said.","""Bunuh diri? Tidak mungkin,"" itu adalah reaksi instan dan terdiam saya. Mengapa Sybil tidak mempekerjakan saya untuk melihat makamnya terlebih dahulu, daripada mengirim saya mencari Teenie di hutan? Tentu saja anak ini tidak menembak dirinya sendiri. Dell Teague dibunuh, sama seperti pacar playboy-nya. Saya membuka mata. Hollis Boxleitner telah berbalik untuk melihat apa yang saya lakukan. Saya menatap wajah serius seorang wakil itu. ""Ini bukan bunuh diri,"" ujarku.",,pass,...,Sun Oct 19 21:50:08 2025
2,1,202,727,1.4,0.7,"*Suicide, my ass*, was my instant, and silent, reaction. Why hadn't Sybil hired me to come out here to read his grave first, instead of sending me to the woods to find Teenie? Of course this boy hadn't shot himself. Dell Teague had been murdered, just like his wild girlfriend. I opened my eyes. Hollis Boxleitner had swung around to check on what I was doing. I looked into the intent face of the deputy. ""No suicide here,"" I said.","*Bunuh diri? Omong kosong*, itu reaksi instan, dan terdiam, saya. Mengapa Sybil tidak menyewa saya untuk mengunjungi makamnya terlebih dahulu, daripada mengirim saya ke hutan untuk mencari Teenie? Tentu saja anak ini tidak akan bunuh diri. Dell Teague dibunuh, sama seperti kekasihnya yang keras kepala. Saya membuka mata. Hollis Boxleitner telah berputar untuk memeriksa apa yang saya lakukan. Saya menatap wajah serius petugas polisi itu. ""Tidak ada bunuh diri di sini,"" kataku.",,needs_revision,"Feedback:

The translation is generally good but lacks nuance and natural flow in certain areas. Here’s a breakdown:

1. ""Bunuh diri? Omong kosong*"" - While ""omong kosong"" translates to ""nonsense,"" it can be too informal and lacks the sarcastic bite of ""Suicide, my ass."" Alternatives: ""Bunuh diri? Tidak mungkin,"" (Suicide? No way), or ""Bunuh diri? Jangan bodoh,"" (Suicide? Don't be ridiculous). The current phrasing is a bit too direct and doesn't capture the dismissive tone.

2. ""reaksi instan, dan terdiam, saya"" - The placement of ""dan terdiam"" (and silent) is awkward. It disrupts the flow. Better: ""reaksi instan dan terdiam saya"" or ""reaksi instan, tanpa kata, saya"" (instant and silent reaction, I).

3. ""mengunjungi makamnya terlebih dahulu"" - This is grammatically correct, but slightly formal. Consider ""pergi ke makamnya terlebih dahulu"" (go to his grave first) which sounds more natural.

4. ""kekasihnya yang keras kepala"" - ""Keras kepala"" (stubborn) might not fully capture the meaning of ""wild."" It suggests obstinacy rather than a free-spirited, perhaps reckless, personality. Alternatives: ""kekasihnya yang eksentrik"" (eccentric girlfriend), ""kekasihnya yang pemberontak"" (rebellious girlfriend), or ""kekasihnya yang bebas"" (free girlfriend). The best choice depends on the overall context of Dell Teague's character.

5. ""petugas polisi itu"" - This is a bit clunky.  ""Petugas polisi"" is correct, but ""polisi itu"" is more common and natural.  ""Petugas polisi itu"" sounds slightly redundant.

Overall, the translation is understandable, but it lacks the sharp, informal tone of the original. It needs adjustments to better reflect the character's voice and the overall atmosphere of the excerpt. The suggested alternatives aim to enhance the naturalness and impact of the language.",Sun Oct 19 21:51:33 2025
2,2,202,727,1.4,0.7,"*Suicide, my ass*, was my instant, and silent, reaction. Why hadn't Sybil hired me to come out here to read his grave first, instead of sending me to the woods to find Teenie? Of course this boy hadn't shot himself. Dell Teague had been murdered, just like his wild girlfriend. I opened my eyes. Hollis Boxleitner had swung around to check on what I was doing. I looked into the intent face of the deputy. ""No suicide here,"" I said.","Bunuh diri? Jangan bodoh, reaksi instan dan terdiam saya. Kenapa Sybil tidak mempekerjakan saya untuk memeriksa makamnya terlebih dahulu, daripada mengirim saya ke hutan mencari Teenie? Tentu saja bocah ini tidak bunuh diri. Dell Teague dibunuh, sama seperti kekasihnya yang bebas itu. Saya membuka mata. Hollis Boxleitner berputar untuk melihat apa yang saya lakukan. Saya menatap wajah serius petugas polisi itu. ""Tidak ada bunuh diri di sini,"" ujarku.",,pass,...,Sun Oct 19 21:52:00 2025
3,1,303,727,1.4,0.7,"*Suicide, my ass*, was my instant, and silent, reaction. Why hadn't Sybil hired me to come out here to read his grave first, instead of sending me to the woods to find Teenie? Of course this boy hadn't shot himself. Dell Teague had been murdered, just like his wild girlfriend. I opened my eyes. Hollis Boxleitner had swung around to check on what I was doing. I looked into the intent face of the deputy. ""No suicide here,"" I said.","*Bunuh diri? Omong kosong*, itu reaksi instan, dan sunyi, yang terlintas dalam benakku. Mengapa Sybil tidak mempekerjakanku untuk mengunjungi makamnya terlebih dahulu, alih-alih mengirimku ke hutan untuk mencari Teenie? Tentu saja anak ini tidak bunuh diri. Dell Teague dibunuh, sama seperti pacar playboy-nya. Aku membuka mata. Hollis Boxleitner berbalik untuk melihat apa yang sedang kulakukan. Aku menatap wajah serius wakil. ""Tidak ada bunuh diri di sini,"" kataku.",,needs_revision,"Feedback:

The translation is generally accurate but lacks nuance and natural flow in several places. Here’s a detailed breakdown:

1. ""Bunuh diri? Omong kosong"" - While ""omong kosong"" translates to ""nonsense,"" it feels a bit too strong and informal for the context. ""Bukan bunuh diri?"" (Isn't it not suicide?) or ""Bunuh diri? Tidak mungkin"" (Suicide? Impossible) might be more suitable, capturing the sarcastic and dismissive tone of the original. ""Omong kosong"" can imply something is trivial, whereas the original conveys disbelief and a strong rejection of the idea.

2. ""reaksi instan, dan sunyi, yang terlintas dalam benakku"" - This is a bit clunky. ""Reaksi instan"" is correct, but the addition of ""dan sunyi"" (and silent) feels awkward. Consider ""Reaksi instan, tanpa kata"" (Instant reaction, speechless) or ""Reaksi instan, dalam hati"" (Instant reaction, in my heart). The original uses ""silent"" to imply an internal reaction rather than complete silence.

3. ""Mengapa Sybil tidak mempekerjakanku untuk mengunjungi makamnya terlebih dahulu, alih-alih mengirimku ke hutan untuk mencari Teenie?"" - The phrasing is grammatically correct but somewhat formal and lengthy. A more natural phrasing could be: ""Mengapa Sybil tidak memintaku untuk melihat makamnya duluan, daripada mengirimku ke hutan mencari Teenie?"" (""Why didn't Sybil ask me to see his grave first, instead of sending me to the woods to look for Teenie?"") The use of ""memintaku"" (ask me) is more conversational.

4. ""pacar playboy-nya"" - While ""pacar playboy"" is understandable, it's a direct translation and lacks the stylistic flair of the original.  ""Pacar yang suka bersenang-senang"" (girlfriend who likes to have fun) or ""pacar yang hidupnya serba kemewahan"" (girlfriend with a luxurious lifestyle) could be alternatives, depending on the intended connotation of ""wild girlfriend."" The original implies a somewhat irresponsible and possibly scandalous relationship.

5. ""Aku menatap wajah serius wakil."" - The word ""serius"" (serious) is a bit bland. ""Aku menatap wajah tegas wakil."" (I stared at the deputy’s stern face) or ""Aku menatap wajah serius wakil itu"" (I stared at the serious face of the deputy) would be more impactful.

The overall translation is understandable, but it needs refinement to better capture the tone and natural flow of the original English text. The suggested alternatives aim to achieve this by using more idiomatic Indonesian and conveying the intended nuances more effectively.",Sun Oct 19 21:53:49 2025
3,2,303,727,1.4,0.7,"*Suicide, my ass*, was my instant, and silent, reaction. Why hadn't Sybil hired me to come out here to read his grave first, instead of sending me to the woods to find Teenie? Of course this boy hadn't shot himself. Dell Teague had been murdered, just like his wild girlfriend. I opened my eyes. Hollis Boxleitner had swung around to check on what I was doing. I looked into the intent face of the deputy. ""No suicide here,"" I said.","Bunuh diri? Tidak mungkin, begitu reaksi instan yang langsung terlintas dalam pikiranku. Mengapa Sybil tidak memintaku untuk melihat makamnya duluan, daripada mengirimku ke hutan mencari Teenie? Tentu saja anak ini tidak bunuh diri. Dell Teague dibunuh, sama seperti pacar playboy-nya. Aku membuka mata. Hollis Boxleitner berbalik untuk melihat apa yang kulakukan. Aku menatap wajah tegas wakil itu. ""Tidak ada bunuh diri di sini,"" kataku.",,pass,...,Sun Oct 19 21:54:17 2025
1,1,101,727,1.4,0.7,"I don't like being treated like a confidence trickster, and I'm sure Tolliver likes it even less. I retreat inside myself, and I don't let them touch my quick. Tolliver tries to do that, too, but he is less successful. He gets very upset when people impugn our honor.","Saya tidak suka diperlakukan seperti penipu ulung, dan saya yakin Tolliver bahkan lebih membencinya. Saya menarik diri ke dalam diri saya sendiri, dan tidak membiarkan mereka menyentuh saraf saya. Tolliver mencoba melakukan itu juga, tetapi dia kurang berhasil. Dia sangat kesal ketika orang-orang mencemarkan nama baik kita.",,needs_revision,"Feedback:

The translation is generally accurate but lacks nuance and naturalness in certain areas. Here's a detailed breakdown:

1. ""confidence trickster"" -> ""penipu ulung"": While ""penipu ulung"" translates to ""skilled swindler,"" it might be too strong. ""Penipu"" is a more general term for ""fraudster"" or ""con artist."" The original implies a more subtle manipulation, so ""penipu ulung"" might overstate the situation. Alternatives: ""orang yang suka menipu"" (someone who likes to deceive), ""pencuri hati"" (heart thief - more figurative, implying emotional manipulation), or even keeping ""confidence trickster"" in English if it's a recurring descriptor and the target audience is familiar with English loanwords.

2. ""I'm sure Tolliver likes it even less"": ""Saya yakin Tolliver bahkan lebih membencinya"" is grammatically correct but sounds a bit stiff. ""Saya yakin Tolliver bahkan *lebih* tidak suka"" or ""Saya yakin Tolliver bahkan lebih membencinya"" would flow better. The emphasis on ""even less"" is important.

3. ""I retreat inside myself, and I don't let them touch my quick"": ""Saya menarik diri ke dalam diri saya sendiri, dan tidak membiarkan mereka menyentuh saraf saya."" ""Saraf"" translates to ""nerve,"" which is not the correct idiom. ""Quick"" in this context refers to someone's vital energy, responsiveness, or sensitivity, a person's core being.  Alternatives: ""Saya menarik diri ke dalam diri saya sendiri, dan tidak membiarkan mereka mengganggu *inti diri* saya"" (I retreat into myself and don't let them disturb my core), ""Saya menarik diri ke dalam diri saya sendiri, dan tidak membiarkan mereka menyentuh *perasaan* saya"" (I retreat into myself and don't let them touch my feelings), or ""Saya menarik diri ke dalam diri saya sendiri, dan tidak membiarkan mereka memanipulasi *reaksi* saya"" (I retreat into myself and don't let them manipulate my reactions).

4. ""Tolliver tries to do that, too, but he is less successful"": ""Tolliver mencoba melakukan itu juga, tetapi dia kurang berhasil."" This is fine, but ""kurang berhasil"" is a bit bland.  Alternatives: ""Tolliver juga mencoba, tapi dia kurang berhasil,"" or ""Tolliver mencoba, tetapi usahanya kurang berhasil"" (Tolliver tries, but his efforts are less successful).

5. ""He gets very upset when people impugn our honor"": ""Dia sangat kesal ketika orang-orang mencemarkan nama baik kita."" ""Mencemarkan nama baik"" is a strong phrase meaning to slander or defame. While accurate, it might be too formal. ""Menuduh kita tidak jujur"" (accusing us of dishonesty) or ""meragukan kehormatan kita"" (questioning our honor) could be alternatives, depending on the specific nuance desired. The original implies a feeling of having one's integrity questioned.

Overall, the translation is understandable, but it lacks the subtle emotional impact and natural flow of the original. The suggested alternatives aim to capture the original's tone more accurately.",Sun Oct 19 21:56:16 2025
1,2,101,727,1.4,0.7,"I don't like being treated like a confidence trickster, and I'm sure Tolliver likes it even less. I retreat inside myself, and I don't let them touch my quick. Tolliver tries to do that, too, but he is less successful. He gets very upset when people impugn our honor.","Saya tidak suka diperlakukan seperti penipu ulung, dan saya yakin Tolliver bahkan lebih tidak suka itu. Saya menarik diri ke dalam diri saya sendiri, dan tidak membiarkan mereka mengganggu inti diri saya. Tolliver juga mencoba, tetapi usahanya kurang berhasil. Dia sangat kesal ketika orang-orang meragukan kehormatan kita.",,pass,...,Sun Oct 19 21:56:43 2025
2,1,202,727,1.4,0.7,"I don't like being treated like a confidence trickster, and I'm sure Tolliver likes it even less. I retreat inside myself, and I don't let them touch my quick. Tolliver tries to do that, too, but he is less successful. He gets very upset when people impugn our honor.","Saya tidak suka diperlakukan seperti penipu ulung, dan saya yakin Tolliver bahkan lebih tidak suka lagi. Saya menarik diri ke dalam diri sendiri, dan tidak membiarkan mereka menyentuh saraf saya. Tolliver mencoba melakukan itu juga, tetapi dia kurang berhasil. Dia sangat kesal ketika orang-orang mencoreng kehormatan kita.",,needs_revision,"Feedback:

The translation is generally understandable, but several areas need improvement to achieve a natural and nuanced Indonesian rendering.

1. ""penipu ulung"" - While ""penipu ulung"" translates to ""master swindler"" or ""skilled con artist,"" it might be too strong and melodramatic. It depends on the context of the novel. Consider alternatives like ""orang yang suka menipu"" (someone who likes to deceive) or ""orang yang suka mengelabui"" (someone who likes to trick). The original ""confidence trickster"" implies a certain level of cleverness and audacity, which ""penipu ulung"" doesn't fully capture.

2. ""saraf saya"" - The phrase ""menyentuh saraf saya"" (touching my nerves/nerve endings) isn’t the most natural way to express the feeling of being unnerved or emotionally affected in Indonesian. While understandable, it feels a bit literal. Better alternatives would be ""mengganggu saya"" (disturbing me), ""membuat saya tidak nyaman"" (making me uncomfortable), or ""membuat saya resah"" (making me uneasy).

3. ""mencoreng kehormatan kita"" - ""Mencoreng kehormatan kita"" translates to ""staining our honor."" It’s grammatically correct, but slightly formal and less idiomatic than other options. Consider using ""menuduh kita tidak jujur"" (accusing us of being dishonest) or ""merusak reputasi kita"" (damaging our reputation). The original sentence implies an accusation of dishonor rather than simply a stain on honor.

4. ""bahkan lebih tidak suka lagi"" - This is a bit redundant. ""Bahkan lebih tidak suka"" (even less like) would suffice. Adding ""lagi"" (again) is unnecessary and sounds slightly awkward.

Here's a revised version incorporating these suggestions:

Saya tidak suka diperlakukan seperti orang yang suka mengelabui, dan saya yakin Tolliver bahkan lebih tidak suka. Saya menarik diri ke dalam diri sendiri, dan tidak membiarkan mereka mengganggu saya. Tolliver mencoba melakukan itu juga, tetapi dia kurang berhasil. Dia sangat kesal ketika orang-orang menuduh kita tidak jujur.",Sun Oct 19 21:58:07 2025
2,2,202,727,1.4,0.7,"I don't like being treated like a confidence trickster, and I'm sure Tolliver likes it even less. I retreat inside myself, and I don't let them touch my quick. Tolliver tries to do that, too, but he is less successful. He gets very upset when people impugn our honor.","Saya tidak suka diperlakukan seperti orang yang suka mengelabui, dan saya yakin Tolliver bahkan lebih tidak suka. Saya menarik diri ke dalam diri sendiri, dan tidak membiarkan mereka mengganggu saya. Tolliver mencoba melakukan itu juga, tetapi dia kurang berhasil. Dia sangat kesal ketika orang-orang mencoreng reputasi kita.",,pass,...,Sun Oct 19 21:58:30 2025
3,1,303,727,1.4,0.7,"I don't like being treated like a confidence trickster, and I'm sure Tolliver likes it even less. I retreat inside myself, and I don't let them touch my quick. Tolliver tries to do that, too, but he is less successful. He gets very upset when people impugn our honor.","Saya tidak suka diperlakukan seperti penipu ulung, dan saya yakin Tolliver bahkan lebih membencinya. Saya menarik diri ke dalam diri sendiri, dan tidak membiarkan mereka menyentuh kesadaranku. Tolliver mencoba melakukan itu juga, tetapi dia kurang berhasil. Dia sangat kesal ketika orang-orang mencoreng kehormatan kami.",,needs_revision,"Feedback:

The translation is generally understandable, but several areas need improvement to achieve a natural and nuanced Indonesian rendering.

1. ""confidence trickster"" - ""penipu ulung"" is a literal translation and feels somewhat clunky. While understandable, it lacks the idiomatic punch of the original. Alternatives include: ""orang yang suka menipu"", ""penipu handal"", or even a more descriptive phrase like ""seseorang yang mencoba menipu orang lain"". The best choice depends on the specific context and the desired level of formality.

2. ""I'm sure Tolliver likes it even less"" - ""saya yakin Tolliver bahkan lebih membencinya"" is grammatically correct but sounds a bit stiff. A more natural phrasing would be ""Saya yakin Tolliver bahkan *lebih* tidak suka"" or ""Saya yakin Tolliver bahkan sangat membencinya"". Using ""lebih"" directly after the verb ""membenci"" is more common and fluid.

3. ""I don't let them touch my quick"" - This is a very figurative phrase. ""Quick"" in this context refers to vulnerability, sensitivity, or core self. ""Menyentuh kesadaranku"" (touch my consciousness) is a literal translation and doesn't capture the intended meaning.  A more appropriate translation would be something like ""Saya tidak membiarkan mereka menyentuh sisi rentan saya,"" or ""Saya tidak membiarkan mereka memanfaatkan kelemahan saya."" Another option, preserving a bit of the original's metaphorical nature, could be ""Saya tidak membiarkan mereka mengusik diri saya.""

4. ""impugn our honor"" - ""mencoreng kehormatan kami"" is a reasonable translation, but ""mencoreng"" (to stain) might be too strong.  ""Mengecam kehormatan kami"" (to condemn our honor) or ""meragukan kehormatan kami"" (to doubt our honor) might be more suitable, depending on the nuance intended.  ""Meragukan"" implies a questioning of honor, while ""mencecam"" suggests a more direct and forceful attack.

Overall, the translation is functional, but it lacks the subtle elegance and idiomatic flow of natural Indonesian. The suggested alternatives aim to improve the naturalness and accuracy of the translation, particularly in capturing the figurative language of the original.",Sun Oct 19 21:59:55 2025
3,2,303,727,1.4,0.7,"I don't like being treated like a confidence trickster, and I'm sure Tolliver likes it even less. I retreat inside myself, and I don't let them touch my quick. Tolliver tries to do that, too, but he is less successful. He gets very upset when people impugn our honor.","Saya tidak suka diperlakukan seperti orang yang suka menipu, dan saya yakin Tolliver bahkan lebih tidak suka lagi. Saya menarik diri ke dalam diri saya sendiri, dan saya tidak membiarkan mereka menyentuh sisi rentan saya. Tolliver mencoba melakukan itu juga, tetapi dia kurang berhasil. Dia sangat kesal ketika orang-orang meragukan kehormatan kami.",,fail,...,Sun Oct 19 22:00:17 2025
3,3,304,727,1.4,0.7,"I don't like being treated like a confidence trickster, and I'm sure Tolliver likes it even less. I retreat inside myself, and I don't let them touch my quick. Tolliver tries to do that, too, but he is less successful. He gets very upset when people impugn our honor.","Saya tidak suka diperlakukan seperti orang yang suka menipu, dan saya yakin Tolliver bahkan lebih tidak suka lagi. Saya menarik diri ke dalam diri sendiri, dan saya tidak membiarkan mereka mengusik sisi rentan saya. Tolliver mencoba melakukan itu juga, tetapi dia kurang berhasil. Dia sangat kesal ketika orang-orang meragukan kehormatan kami.",,fail,...,Sun Oct 19 22:00:29 2025
3,4,305,727,1.4,0.7,"I don't like being treated like a confidence trickster, and I'm sure Tolliver likes it even less. I retreat inside myself, and I don't let them touch my quick. Tolliver tries to do that, too, but he is less successful. He gets very upset when people impugn our honor.","Saya tidak suka diperlakukan seperti orang yang suka menipu, dan saya yakin Tolliver bahkan *lebih* tidak suka. Saya menarik diri ke dalam diri saya sendiri, dan saya tidak membiarkan mereka memanfaatkan kelemahan saya. Tolliver mencoba melakukan hal itu juga, tetapi dia kurang berhasil. Dia sangat kesal ketika orang-orang meragukan kehormatan kami.",,pass,...,Sun Oct 19 22:00:43 2025
1,1,101,727,1.4,0.7,"""Tell me about your dream house,"" Hollis said, smiling.

""Okay,"" I said, slowly. This was something I didn't talk about too often. ""It will have to be off the beaten road, of course. I want it to look like a log cabin, but without the inconveniences of a real log cabin. I found a plan on the Internet, and I bought it. But of course, I want to alter it a little.""

""Of course,"" he said, taking a sip of beer. ""

It would be two bedrooms and a study, with a family room. There'd be a kitchen here, with the washroom right off of it."" I was looking down at the table, drawing with my finger. ""Around back, there'd be a *porte cochere* for the cars, so you could carry groceries right into the kitchen without getting wet. There's a deck off the right side of the kitchen, see? Or maybe I'd put it off the family room. That's where the fireplace will be, and you could keep your firewood on the deck. And you could put your gas grill on the deck. For steaks.""","""Ceritakan padaku tentang rumah impianmu,"" kata Hollis, tersenyum.

""Baiklah,"" ujarku, perlahan. Ini adalah sesuatu yang jarang sekali aku bicarakan. ""Tentu saja, rumah itu harus jauh dari keramaian. Aku ingin tampilannya seperti pondok kayu, tapi tanpa ketidaknyamanan pondok kayu yang sesungguhnya. Aku menemukan rancangannya di internet, dan aku membelinya. Tapi tentu saja, aku ingin mengubahnya sedikit.""

""Tentu,"" katanya sambil mengquis bir.

Rumahnya akan memiliki dua kamar tidur dan ruang kerja, dengan ruang keluarga. Akan ada dapur di sini, dengan kamar mandi tepat di sampingnya. Aku menunduk melihat meja, menggambar dengan jariku. ""Di bagian belakang, akan ada *porte cochere* untuk mobil, jadi kamu bisa membawa belanjaan langsung ke dapur tanpa basah. Ada teras di sisi kanan dapur, lihat? Atau mungkin aku akan menempatkannya di samping ruang keluarga. Di sanalah perapian akan berada, dan kamu bisa menyimpan kayu bakar di teras. Dan kamu bisa meletakkan pemanggang gas di teras. Untuk steak.""",,needs_revision,"Feedback:

The translation is generally accurate but lacks fluency and naturalness in certain areas. Here’s a breakdown with specific examples:

1. ""jauh dari keramaian"" - While accurate, ""off the beaten road"" often implies a sense of seclusion and remoteness. A better alternative could be ""terpencil"" (remote) or ""di tempat yang tidak banyak orang berkunjung"" (in a place not frequently visited).

2. ""pondok kayu yang sesungguhnya"" - This is a bit clunky. ""pondok kayu asli"" (original log cabin) or ""pondok kayu yang sebenarnya"" (the real log cabin) would sound more natural.

3. ""mengquis bir"" - ""mengquis"" implies searching or rummaging. It's not the best fit for taking a sip of beer. ""meminum bir"" (to drink beer) or ""minum bir"" (drink beer) is more appropriate.

4. ""tepat di sampingnya"" - This is grammatically correct, but a more natural phrasing would be ""di sebelah dapur"" (next to the kitchen) or ""berdekatan dengan dapur"" (adjacent to the kitchen).

5. ""Di bagian belakang, akan ada *porte cochere* untuk mobil, jadi kamu bisa membawa belanjaan langsung ke dapur tanpa basah."" - This sentence is a bit long and convoluted. Consider breaking it into two sentences: ""Di bagian belakang, akan ada *porte cochere* untuk mobil. Jadi, kamu bisa membawa belanjaan langsung ke dapur tanpa basah.""  The use of ""di sampingnya"" again feels a little awkward.

6. ""lihat?"" - Using ""lihat?"" directly translates ""see?"" and feels a bit informal and out of place.  A smoother alternative would be ""Lihat?"" or simply omitting it altogether. The context implies the speaker is showing something, so the meaning is understood.

7. ""Dan kamu bisa meletakkan pemanggang gas di teras. Untuk steak."" - This is grammatically correct but could be phrased more naturally. ""Dan kamu bisa menggunakan teras untuk meletakkan pemanggang gas. Untuk membuat steak."" (And you could use the terrace to place the gas grill. To make steaks.)

Overall, the translation is understandable, but it requires polishing to achieve a more natural and idiomatic Indonesian flow. The language feels a little too literal in places. Focus on conveying the *meaning* rather than a direct word-for-word translation.",Sun Oct 19 22:02:44 2025
1,2,101,727,1.4,0.7,"""Tell me about your dream house,"" Hollis said, smiling.

""Okay,"" I said, slowly. This was something I didn't talk about too often. ""It will have to be off the beaten road, of course. I want it to look like a log cabin, but without the inconveniences of a real log cabin. I found a plan on the Internet, and I bought it. But of course, I want to alter it a little.""

""Of course,"" he said, taking a sip of beer. ""

It would be two bedrooms and a study, with a family room. There'd be a kitchen here, with the washroom right off of it."" I was looking down at the table, drawing with my finger. ""Around back, there'd be a *porte cochere* for the cars, so you could carry groceries right into the kitchen without getting wet. There's a deck off the right side of the kitchen, see? Or maybe I'd put it off the family room. That's where the fireplace will be, and you could keep your firewood on the deck. And you could put your gas grill on the deck. For steaks.""","""Ceritakan padaku tentang rumah impianmu,"" kata Hollis sambil tersenyum.

""Baiklah,"" jawabku, pelan-pelan. Ini adalah sesuatu yang jarang sekali aku bicarakan. ""Tentu saja, rumah itu harus jauh dari keramaian. Aku ingin tampilannya seperti pondok kayu, tapi tanpa kerumitan pondok kayu sungguhan. Aku menemukan gambarnya di internet dan membelinya. Tapi tentu saja, aku ingin mengubahnya sedikit.""

""Tentu saja,"" katanya sambil mengemplik bir.

Akan ada dua kamar tidur dan ruang kerja, serta ruang keluarga. Ada dapur di sini, dengan kamar mandi tepat di sampingnya. Aku menunduk, menggambar di meja dengan jariku. ""Di bagian belakang, akan ada *porte cochere* untuk mobil, jadi kamu bisa membawa belanjaan langsung ke dapur tanpa basah. Ada teras di sisi kanan dapur, tahu? Atau mungkin aku akan menempatkannya di samping ruang keluarga. Di sana akan ada perapian, dan kamu bisa menyimpan kayu bakar di teras. Dan kamu bisa menggunakan teras untuk meletakkan pemanggang gas. Untuk membuat steak.""",,pass,...,Sun Oct 19 22:03:32 2025
2,1,202,727,1.4,0.7,"""Tell me about your dream house,"" Hollis said, smiling.

""Okay,"" I said, slowly. This was something I didn't talk about too often. ""It will have to be off the beaten road, of course. I want it to look like a log cabin, but without the inconveniences of a real log cabin. I found a plan on the Internet, and I bought it. But of course, I want to alter it a little.""

""Of course,"" he said, taking a sip of beer. ""

It would be two bedrooms and a study, with a family room. There'd be a kitchen here, with the washroom right off of it."" I was looking down at the table, drawing with my finger. ""Around back, there'd be a *porte cochere* for the cars, so you could carry groceries right into the kitchen without getting wet. There's a deck off the right side of the kitchen, see? Or maybe I'd put it off the family room. That's where the fireplace will be, and you could keep your firewood on the deck. And you could put your gas grill on the deck. For steaks.""","""Ceritakan tentang rumah impianmu,"" kata Hollis, sambil tersenyum.

""Baiklah,"" jawabku, perlahan. Ini adalah sesuatu yang jarang sekali aku bicarakan. ""Tentu saja, rumah itu harus jauh dari keramaian. Aku ingin tampilannya seperti pondok kayu, tapi tanpa ketidaknyamanan pondok kayu yang sebenarnya. Aku menemukan rancangannya di Internet, dan aku membelinya. Tapi tentu saja, aku ingin mengubahnya sedikit.""

""Tentu saja,"" katanya, sambil menyesap bir.

Akan ada dua kamar tidur dan ruang kerja, serta ruang keluarga. Akan ada dapur di sini, dengan kamar mandi tepat di sebelahnya. Aku menunduk, menggambar di meja dengan jari. ""Di bagian belakang, akan ada *porte cochere* untuk mobil, jadi kamu bisa membawa belanjaan langsung ke dapur tanpa basah. Ada teras di sisi kanan dapur, lihat? Atau mungkin aku akan menempatkannya di sisi ruang keluarga. Di sanalah perapian akan berada, dan kamu bisa menyimpan kayu bakar di teras. Dan kamu bisa meletakkan pemanggang gas di teras. Untuk steak.""",,needs_revision,"The translation is generally accurate but lacks natural flow and several areas could be improved for a more polished Indonesian reading experience. Here's a breakdown:

1. ""jauh dari keramaian"" - While literally correct, ""off the beaten road"" implies remoteness and a sense of seclusion. A better translation might be ""terpencil"" (remote) or ""di lokasi yang tersembunyi"" (in a hidden location).

2. ""pondok kayu yang sebenarnya"" - This is a bit redundant. ""pondok kayu"" already implies a log cabin.  It could be simplified to ""pondok kayu asli"" (authentic log cabin) or even just ""pondok kayu.""

3. ""ketidaknyamanan pondok kayu yang sebenarnya"" - The phrasing is awkward. Consider: ""tanpa kekurangan pondok kayu biasa"" (without the drawbacks of a regular log cabin) or ""tanpa masalah yang biasanya ada di pondok kayu"" (without the usual problems with log cabins).

4. ""kamar mandi tepat di sebelahnya"" - This is grammatically correct, but a more natural phrasing would be ""kamar mandi yang bersebelahan dengan dapur"" (the bathroom that is adjacent to the kitchen) or ""kamar mandi yang berada tepat di samping dapur"" (the bathroom located right next to the kitchen).

5. ""Di bagian belakang, akan ada *porte cochere* untuk mobil, jadi kamu bisa membawa belanjaan langsung ke dapur tanpa basah."" - The sentence is a bit long and convoluted.  Break it into two shorter sentences for clarity. Also, ""belanjaan"" is a bit formal. ""Peralatan belanja"" or even just ""belanja"" would be more natural. The phrase ""tanpa basah"" is a little odd; ""agar tidak basah"" (so that it doesn't get wet) is better.

6. ""Ada teras di sisi kanan dapur, lihat?"" - This is a bit informal and the ""lihat?"" feels a little out of place.  ""Ada teras di sisi kanan dapur. Anda bisa melihatnya?"" (There's a terrace on the right side of the kitchen. You can see it?) is more appropriate. Alternatively, simply ""Ada teras di sisi kanan dapur."" (There's a terrace on the right side of the kitchen).

7. ""Atau mungkin aku akan menempatkannya di sisi ruang keluarga."" - The word ""menempatkannya"" is slightly clunky. ""atau mungkin aku akan meletakkannya di sisi ruang keluarga"" is better, or even ""atau mungkin aku akan menempatkan teras di sisi ruang keluarga.""

8. ""Di sanalah perapian akan berada, dan kamu bisa menyimpan kayu bakar di teras."" - This is correct, but could be phrased more elegantly. ""Di sanalah perapian akan berada, dan Anda bisa menyimpan kayu bakar di teras."" is slightly more formal and polished.

9. ""Dan kamu bisa meletakkan pemanggang gas di teras. Untuk steak."" -  ""Meletakkan"" is a bit formal. ""Dan Anda bisa memasang pemanggang gas di teras. Untuk membuat steak."" (And you can install a gas grill on the terrace. To make steak.) is more natural.  Alternatively, ""Dan Anda bisa memasak steak di teras dengan pemanggang gas."" (And you can cook steak on the terrace with a gas grill.)

Overall, the translation conveys the meaning, but it lacks the natural flow and stylistic nuances of a native Indonesian speaker. The frequent use of ""akan ada"" (there will be) can be replaced with more concise phrasing. The language is slightly too formal in places.",Sun Oct 19 22:06:08 2025
2,2,202,727,1.4,0.7,"""Tell me about your dream house,"" Hollis said, smiling.

""Okay,"" I said, slowly. This was something I didn't talk about too often. ""It will have to be off the beaten road, of course. I want it to look like a log cabin, but without the inconveniences of a real log cabin. I found a plan on the Internet, and I bought it. But of course, I want to alter it a little.""

""Of course,"" he said, taking a sip of beer. ""

It would be two bedrooms and a study, with a family room. There'd be a kitchen here, with the washroom right off of it."" I was looking down at the table, drawing with my finger. ""Around back, there'd be a *porte cochere* for the cars, so you could carry groceries right into the kitchen without getting wet. There's a deck off the right side of the kitchen, see? Or maybe I'd put it off the family room. That's where the fireplace will be, and you could keep your firewood on the deck. And you could put your gas grill on the deck. For steaks.""","""Ceritakan tentang rumah impianmu,"" kata Hollis sambil tersenyum.

""Baiklah,"" jawabku, pelan-pelan. Ini adalah sesuatu yang jarang sekali aku bicarakan. ""Tentu saja, rumah itu harus jauh dari keramaian. Aku ingin tampilannya seperti pondok kayu, tapi tanpa ketidaknyamanan pondok kayu biasa. Aku menemukan rancangannya di internet, dan membelinya. Tapi tentu saja, aku ingin mengubahnya sedikit.""

""Tentu saja,"" katanya sambil menyesap bir.

Rumahnya akan terdiri dari dua kamar tidur dan ruang belajar, plus ruang keluarga. Akan ada dapur di sini, dengan kamar mandi yang bersebelahan langsung dengannya. Aku menunduk, menggambar dengan jariku di atas meja. ""Di bagian belakang, akan ada *porte cochere* untuk mobil, jadi kamu bisa membawa belanjaan langsung ke dapur tanpa basah. Ada teras di sisi kanan dapur. Anda bisa melihatnya? Atau mungkin aku akan menempatkan teras di sisi ruang keluarga. Di sanalah perapian akan berada, dan Anda bisa menyimpan kayu bakar di teras. Kamu juga bisa memasang pemanggang gas di teras untuk membuat steak.""",,pass,...,Sun Oct 19 22:07:01 2025
3,1,303,727,1.4,0.7,"""Tell me about your dream house,"" Hollis said, smiling.

""Okay,"" I said, slowly. This was something I didn't talk about too often. ""It will have to be off the beaten road, of course. I want it to look like a log cabin, but without the inconveniences of a real log cabin. I found a plan on the Internet, and I bought it. But of course, I want to alter it a little.""

""Of course,"" he said, taking a sip of beer. ""

It would be two bedrooms and a study, with a family room. There'd be a kitchen here, with the washroom right off of it."" I was looking down at the table, drawing with my finger. ""Around back, there'd be a *porte cochere* for the cars, so you could carry groceries right into the kitchen without getting wet. There's a deck off the right side of the kitchen, see? Or maybe I'd put it off the family room. That's where the fireplace will be, and you could keep your firewood on the deck. And you could put your gas grill on the deck. For steaks.""","""Ceritakan tentang rumah impianmu,"" kata Hollis, sambil tersenyum.

""Baiklah,"" jawabku, perlahan. Ini adalah sesuatu yang jarang sekali ku ceritakan. ""Tentu saja, rumah itu harus jauh dari keramaian. Aku ingin tampilannya seperti pondok kayu, tapi tanpa ketidaknyamanan pondok kayu sungguhan. Aku menemukan rancangannya di internet, dan aku membelinya. Tapi tentu saja, aku ingin mengubahnya sedikit.""

""Tentu saja,"" katanya, sambil meneguk bir.

Rumah itu akan memiliki dua kamar tidur dan ruang kerja, serta ruang keluarga. Akan ada dapur di sini, dengan kamar mandi tepat di sampingnya. Aku menunduk, menggambar dengan jari di atas meja. ""Di bagian belakang, akan ada *porte cochere* untuk mobil, jadi kamu bisa membawa belanjaan langsung ke dapur tanpa basah. Ada teras di sisi kanan dapur, lihat? Atau mungkin aku akan menempatkannya di samping ruang keluarga. Di sanalah perapian akan berada, dan kamu bisa menyimpan kayu bakar di teras. Dan kamu bisa meletakkan pemanggang gas di teras. Untuk steak.""",,needs_revision,"The translation is generally accurate but lacks natural flow and precision in certain areas. Here's a breakdown of issues and suggestions:

1. ""Ini adalah sesuatu yang ku ceritakan."" - This is grammatically awkward. ""Ini adalah sesuatu yang jarang sekali ku ceritakan"" or ""Ini adalah sesuatu yang tidak sering ku bicarakan"" would be more natural. Alternatively, ""Aku jarang membicarakan ini"" is a good option.

2. ""Tentu saja, rumah itu harus jauh dari keramaian."" - While understandable, ""jauh dari keramaian"" is a bit clunky. ""Terpencil"" (remote) or ""di luar pusat kota"" (outside the city center) would be smoother.

3. ""Aku ingin tampilannya seperti pondok kayu, tapi tanpa ketidaknyamanan pondok kayu sungguhan."" -  ""Tampilannya seperti pondok kayu"" sounds a little unnatural.  Consider ""Aku ingin rumah itu terlihat seperti pondok kayu, tapi tanpa..."" or ""Aku ingin rumah itu bergaya pondok kayu, tetapi tanpa...""

4. ""Aku menemukan rancangannya di internet, dan aku membelinya."" - This is fine, but could be slightly more elegant. ""Aku menemukan rancangannya secara online dan membelinya"" is a minor improvement.

5. ""Akan ada dapur di sini, dengan kamar mandi tepat di sampingnya."" - This is a bit redundant. ""Akan ada dapur dengan kamar mandi yang bersebelahan dengannya"" is more concise and natural.

6. ""Aku menunduk, menggambar dengan jari di atas meja."" -  This is good, but ""menggambar dengan jari di atas meja"" is a little less common than ""menggambar di atas meja dengan jari.""

7. ""Di bagian belakang, akan ada *porte cochere* untuk mobil, jadi kamu bisa membawa belanjaan langsung ke dapur tanpa basah."" - The use of *porte cochere* is excellent.  However, ""belanjaan"" is a bit formal. ""Belanja"" is more common and natural in this context. Also, ""langsung ke dapur tanpa basah"" is a little wordy. ""Langsung ke dapur tanpa perlu basah"" or ""Langsung ke dapur, tanpa kena hujan"" would be better.

8. ""Atau mungkin aku akan menempatkannya di samping ruang keluarga."" - Perfectly fine.

9. ""Di sanalah perapian akan berada, dan kamu bisa menyimpan kayu bakar di teras."" - This is acceptable, but ""Di sanalah perapian akan terletak, dan kamu bisa menyimpan kayu bakar di teras"" has a slightly more formal and elegant feel.

10. ""Dan kamu bisa meletakkan pemanggang gas di teras. Untuk steak."" - ""Meletakkan"" is a bit formal. ""Menaruh"" is more common. ""Untuk steak"" is grammatically correct but a little awkward. ""Untuk memanggang steak"" would be more natural.

Overall, the translation conveys the meaning, but it lacks the subtle nuances of natural Indonesian speech. The language is a bit too literal in places. The suggestions above aim to make the translation sound more fluent and idiomatic.",Sun Oct 19 22:09:21 2025
3,2,303,727,1.4,0.7,"""Tell me about your dream house,"" Hollis said, smiling.

""Okay,"" I said, slowly. This was something I didn't talk about too often. ""It will have to be off the beaten road, of course. I want it to look like a log cabin, but without the inconveniences of a real log cabin. I found a plan on the Internet, and I bought it. But of course, I want to alter it a little.""

""Of course,"" he said, taking a sip of beer. ""

It would be two bedrooms and a study, with a family room. There'd be a kitchen here, with the washroom right off of it."" I was looking down at the table, drawing with my finger. ""Around back, there'd be a *porte cochere* for the cars, so you could carry groceries right into the kitchen without getting wet. There's a deck off the right side of the kitchen, see? Or maybe I'd put it off the family room. That's where the fireplace will be, and you could keep your firewood on the deck. And you could put your gas grill on the deck. For steaks.""","""Ceritakan padaku tentang rumah impianmu,"" kata Hollis, sambil tersenyum.

""Baiklah,"" ujarku, perlahan. Ini adalah sesuatu yang jarang sekali ku ceritakan. ""Tentu saja, rumah itu harus jauh dari keramaian. Aku ingin rumah itu terlihat seperti pondok kayu, tapi tanpa ketidaknyamanan pondok kayu sungguhan. Aku menemukan rancangannya secara online dan membelinya. Tapi tentu saja, aku ingin mengubahnya sedikit.""

""Tentu saja,"" jawabnya, sambil menyesap bir.

Akan ada dua kamar tidur dan ruang kerja, serta ruang keluarga. Akan ada dapur di sana, dengan kamar mandi tepat di sebelahnya. Aku menunduk, menggambar di atas meja dengan jari. ""Di bagian belakang, akan ada *porte cochere* untuk mobil, supaya kamu bisa membawa belanja langsung ke dapur tanpa perlu basah. Di sisi kanan dapur, ada teras. Atau mungkin aku akan menempatkannya di samping ruang keluarga. Di sanalah perapian akan terletak, dan kamu bisa menyimpan kayu bakar di teras. Kamu juga bisa menaruh pemanggang gas di teras untuk memanggang steak.""",,pass,...,Sun Oct 19 22:10:12 2025
