iteration_id,attempt,generator_seed,evaluator_temp,generator_temp,evaluator_temp,source_text,translation_attempt,grade,feedback,timestamp
1,1,101,727,1.4,0.01,"*Suicide, my ass*, was my instant, and silent, reaction. Why hadn't Sybil hired me to come out here to read his grave first, instead of sending me to the woods to find Teenie? Of course this boy hadn't shot himself. Dell Teague had been murdered, just like his wild girlfriend. I opened my eyes. Hollis Boxleitner had swung around to check on what I was doing. I looked into the intent face of the deputy. ""No suicide here,"" I said.","*Bunuh diri, omong kosong*, adalah reaksi instan saya, yang terdiam. Mengapa Sybil tidak mempekerjakan saya untuk mengunjungi makamnya terlebih dahulu, alih-alih mengirim saya ke hutan untuk mencari Teenie? Tentu saja anak ini tidak bunuh diri. Dell Teague dibunuh, sama seperti pacar wanitanya yang ceroboh. Saya membuka mata. Hollis Boxleitner telah berbalik untuk melihat apa yang saya lakukan. Saya menatap wajah serius seorang wakil. ""Tidak ada bunuh diri di sini,"" kataku.",needs_revision,1.  **Context,Sat Oct 18 22:24:01 2025
1,2,101,727,1.4,0.01,"*Suicide, my ass*, was my instant, and silent, reaction. Why hadn't Sybil hired me to come out here to read his grave first, instead of sending me to the woods to find Teenie? Of course this boy hadn't shot himself. Dell Teague had been murdered, just like his wild girlfriend. I opened my eyes. Hollis Boxleitner had swung around to check on what I was doing. I looked into the intent face of the deputy. ""No suicide here,"" I said.","*Bunuh diri?* pikiranku langsung menyanggah, dalam hati. Mengapa Sybil tidak mempekerjakanku untuk melihat makamnya terlebih dahulu, alih-alih mengirimku ke hutan untuk mencari Teenie? Tentu saja anak ini tidak bunuh diri. Dell Teague dibunuh, sama seperti kekasihnya yang eksentrik. Aku membuka mata. Hollis Boxleitner berbalik untuk melihat apa yang aku lakukan. Aku menatap wajah serius seorang wakil. ""Tidak ada bunuh diri di sini,"" kataku.",needs_revision,1.  **Context,Sat Oct 18 22:24:24 2025
1,3,101,727,1.4,0.01,"*Suicide, my ass*, was my instant, and silent, reaction. Why hadn't Sybil hired me to come out here to read his grave first, instead of sending me to the woods to find Teenie? Of course this boy hadn't shot himself. Dell Teague had been murdered, just like his wild girlfriend. I opened my eyes. Hollis Boxleitner had swung around to check on what I was doing. I looked into the intent face of the deputy. ""No suicide here,"" I said.","*Bunuh diri?*, pikiranku langsung menyanggah, dalam hati. Mengapa Sybil tidak mempekerjakanku untuk melihat makamnya terlebih dahulu, alih-alih mengirimku ke hutan untuk mencari Teenie? Tentu saja anak ini tidak bunuh diri. Dell Teague dibunuh, sama seperti kekasihnya yang eksentrik. Aku membuka mata. Hollis Boxleitner berbalik untuk melihat apa yang aku lakukan. Aku menatap wajah serius seorang wakil. ""No suicide here,"" kataku.",needs_revision,1.  **Context,Sat Oct 18 22:24:48 2025
2,1,202,727,1.4,0.01,"*Suicide, my ass*, was my instant, and silent, reaction. Why hadn't Sybil hired me to come out here to read his grave first, instead of sending me to the woods to find Teenie? Of course this boy hadn't shot himself. Dell Teague had been murdered, just like his wild girlfriend. I opened my eyes. Hollis Boxleitner had swung around to check on what I was doing. I looked into the intent face of the deputy. ""No suicide here,"" I said.","*Bunuh diri, omong kosong*, adalah reaksi instan, dan terdiam, saya. Mengapa Sybil tidak mempekerjakan saya untuk mengunjungi makamnya terlebih dahulu, alih-alih mengirim saya ke hutan untuk mencari Teenie? Tentu saja anak ini tidak bunuh diri. Dell Teague dibunuh, sama seperti kekasihnya yang liar. Saya membuka mata. Hollis Boxleitner berbalik untuk memeriksa apa yang sedang saya lakukan. Saya menatap wajah serius wakil polisi itu. ""Tidak ada bunuh diri di sini,"" kataku.",needs_revision,1.  **Context,Sat Oct 18 22:25:12 2025
2,2,202,727,1.4,0.01,"*Suicide, my ass*, was my instant, and silent, reaction. Why hadn't Sybil hired me to come out here to read his grave first, instead of sending me to the woods to find Teenie? Of course this boy hadn't shot himself. Dell Teague had been murdered, just like his wild girlfriend. I opened my eyes. Hollis Boxleitner had swung around to check on what I was doing. I looked into the intent face of the deputy. ""No suicide here,"" I said.","*Bunuh diri?* pikiranku langsung, dan tanpa suara. Mengapa Sybil tidak mempekerjakanku untuk mengunjungi makamnya terlebih dahulu, alih-alih mengirimku ke hutan untuk mencari Teenie? Tentu saja anak ini tidak melakukan aksi bunuh diri. Dell Teague dibunuh, sama seperti kekasihnya yang eksentrik. Aku membuka mata. Hollis Boxleitner berputar untuk melihat apa yang kulakukan. Aku menatap wajah serius seorang *deputy* itu. ""Tidak ada aksi bunuh diri di sini,"" kataku.",needs_revision,1.  **Context,Sat Oct 18 22:25:41 2025
2,3,202,727,1.4,0.01,"*Suicide, my ass*, was my instant, and silent, reaction. Why hadn't Sybil hired me to come out here to read his grave first, instead of sending me to the woods to find Teenie? Of course this boy hadn't shot himself. Dell Teague had been murdered, just like his wild girlfriend. I opened my eyes. Hollis Boxleitner had swung around to check on what I was doing. I looked into the intent face of the deputy. ""No suicide here,"" I said.","*Bunuh diri?* reaksi instan dan sunyi saya. Mengapa Sybil tidak mempekerjakan saya untuk mengunjungi makamnya terlebih dahulu, alih-alih mengirim saya ke hutan untuk mencari Teenie? Tentu saja anak ini tidak bunuh diri. Dell Teague dibunuh, sama seperti kekasihnya yang eksentrik. Saya membuka mata. Hollis Boxleitner berputar untuk memeriksa apa yang sedang saya lakukan. Saya menatap wajah serius seorang *deputy*. ""Tidak ada aksi bunuh diri di sini,"" ucap saya.",needs_revision,1.  **Context,Sat Oct 18 22:26:10 2025
3,1,303,727,1.4,0.01,"*Suicide, my ass*, was my instant, and silent, reaction. Why hadn't Sybil hired me to come out here to read his grave first, instead of sending me to the woods to find Teenie? Of course this boy hadn't shot himself. Dell Teague had been murdered, just like his wild girlfriend. I opened my eyes. Hollis Boxleitner had swung around to check on what I was doing. I looked into the intent face of the deputy. ""No suicide here,"" I said.","*Bunuh diri, omong kosong*, adalah reaksi instan, dan terdiam, saya. Mengapa Sybil tidak mempekerjakan saya untuk mengunjungi makamnya terlebih dahulu, alih-alih mengirim saya ke hutan untuk mencari Teenie? Tentu saja anak ini tidak bunuh diri. Dell Teague telah dibunuh, sama seperti kekasihnya yang liar. Saya membuka mata. Hollis Boxleitner telah berbalik untuk memeriksa apa yang saya lakukan. Saya menatap wajah serius seorang wakil. ""Tidak ada bunuh diri di sini,"" kataku.",needs_revision,1.  **Context,Sat Oct 18 22:26:33 2025
3,2,303,727,1.4,0.01,"*Suicide, my ass*, was my instant, and silent, reaction. Why hadn't Sybil hired me to come out here to read his grave first, instead of sending me to the woods to find Teenie? Of course this boy hadn't shot himself. Dell Teague had been murdered, just like his wild girlfriend. I opened my eyes. Hollis Boxleitner had swung around to check on what I was doing. I looked into the intent face of the deputy. ""No suicide here,"" I said.","*Bunuh diri?* pikiranku langsung, dan tanpa suara. Mengapa Sybil tidak mempekerjakanku untuk mengunjungi makamnya terlebih dahulu, alih-alih mengirimku ke hutan untuk mencari Teenie? Tentu saja anak ini tidak melakukan bunuh diri. Dell Teague telah dibunuh, sama seperti kekasihnya yang penuh semangat. Aku membuka mata. Hollis Boxleitner telah berbalik untuk melihat apa yang kulakukan. Aku menatap wajah serius seorang wakil. ""Tidak ada bunuh diri di sini,"" kataku.",needs_revision,1.  **Context,Sat Oct 18 22:26:55 2025
3,3,303,727,1.4,0.01,"*Suicide, my ass*, was my instant, and silent, reaction. Why hadn't Sybil hired me to come out here to read his grave first, instead of sending me to the woods to find Teenie? Of course this boy hadn't shot himself. Dell Teague had been murdered, just like his wild girlfriend. I opened my eyes. Hollis Boxleitner had swung around to check on what I was doing. I looked into the intent face of the deputy. ""No suicide here,"" I said.","*Bunuh diri?* reaksi instan dan sunyi saya. Mengapa Sybil tidak mempekerjakan saya untuk mengunjungi makamnya terlebih dahulu, alih-alih mengirim saya ke hutan untuk mencari Teenie? Tentu saja anak ini tidak bunuh diri. Dell Teague telah dibunuh, sama seperti kekasihnya yang bersemangat. Saya membuka mata. Hollis Boxleitner telah berbalik untuk melihat apa yang saya lakukan. Saya menatap wajah serius seorang wakil. ""Tidak ada bunuh diri di sini,"" kataku.",needs_revision,1.  **Context,Sat Oct 18 22:27:18 2025
4,1,404,727,1.4,0.01,"*Suicide, my ass*, was my instant, and silent, reaction. Why hadn't Sybil hired me to come out here to read his grave first, instead of sending me to the woods to find Teenie? Of course this boy hadn't shot himself. Dell Teague had been murdered, just like his wild girlfriend. I opened my eyes. Hollis Boxleitner had swung around to check on what I was doing. I looked into the intent face of the deputy. ""No suicide here,"" I said.","*Bunuh diri, omong kosong*, adalah reaksi instan, dan terdiam, saya. Mengapa Sybil tidak mempekerjakan saya untuk mengunjungi makamnya terlebih dahulu, alih-alih mengirim saya ke hutan untuk mencari Teenie? Tentu saja anak laki-laki ini tidak akan bunuh diri. Dell Teague telah dibunuh, sama seperti kekasihnya yang sesat. Saya membuka mata. Hollis Boxleitner berbalik untuk melihat apa yang sedang saya lakukan. Saya menatap wajah serius seorang wakil. ""Tidak ada bunuh diri di sini,"" kataku.",needs_revision,1.  **Context,Sat Oct 18 22:27:42 2025
4,2,404,727,1.4,0.01,"*Suicide, my ass*, was my instant, and silent, reaction. Why hadn't Sybil hired me to come out here to read his grave first, instead of sending me to the woods to find Teenie? Of course this boy hadn't shot himself. Dell Teague had been murdered, just like his wild girlfriend. I opened my eyes. Hollis Boxleitner had swung around to check on what I was doing. I looked into the intent face of the deputy. ""No suicide here,"" I said.","*Bunuh diri, omong kosong*, adalah reaksi instan, dan terdiam, saya. Mengapa Sybil tidak mempekerjakan saya untuk mengunjungi makamnya terlebih dahulu, alih-alih mengirim saya ke hutan untuk mencari Teenie? Tentu saja anak laki-laki ini tidak melakukan bunuh diri. Dell Teague telah dibunuh, sama seperti kekasihnya yang sesat. Saya membuka mata. Hollis Boxleitner berbalik untuk memeriksa apa yang saya lakukan. Saya menatap wajah serius seorang wakil. ""Tidak ada bunuh diri di sini,"" kataku.",needs_revision,1.  **Context,Sat Oct 18 22:28:08 2025
4,3,404,727,1.4,0.01,"*Suicide, my ass*, was my instant, and silent, reaction. Why hadn't Sybil hired me to come out here to read his grave first, instead of sending me to the woods to find Teenie? Of course this boy hadn't shot himself. Dell Teague had been murdered, just like his wild girlfriend. I opened my eyes. Hollis Boxleitner had swung around to check on what I was doing. I looked into the intent face of the deputy. ""No suicide here,"" I said.","*Bunuh diri? Omong kosong*, adalah reaksi instan dan tanpa suara saya. Mengapa Sybil tidak mempekerjakan saya untuk mengunjungi makamnya terlebih dahulu, alih-alih mengirim saya ke hutan untuk mencari Teenie? Tentu saja anak ini tidak bunuh diri. Dell Teague telah dibunuh, sama seperti kekasihnya yang bebas. Saya membuka mata. Hollis Boxleitner berputar untuk melihat apa yang saya lakukan. Saya menatap wajah serius seorang wakil. ""Tidak ada bunuh diri di sini,"" kataku.",needs_revision,1.  **Context,Sat Oct 18 22:28:34 2025
5,1,505,727,1.4,0.01,"*Suicide, my ass*, was my instant, and silent, reaction. Why hadn't Sybil hired me to come out here to read his grave first, instead of sending me to the woods to find Teenie? Of course this boy hadn't shot himself. Dell Teague had been murdered, just like his wild girlfriend. I opened my eyes. Hollis Boxleitner had swung around to check on what I was doing. I looked into the intent face of the deputy. ""No suicide here,"" I said.","*Pencobaan bunuh diri?*, begitu reaksi instan dan terdiam saya. Mengapa Sybil tidak mempekerjakan saya untuk mengunjungi makamnya terlebih dahulu, alih-alih mengirim saya ke hutan untuk mencari Teenie? Tentu saja anak ini tidak bunuh diri. Dell Teague telah dibunuh, sama seperti kekasihnya yang ceroboh. Saya membuka mata. Hollis Boxleitner telah berbalik untuk memeriksa apa yang sedang saya lakukan. Saya menatap wajah serius wakil. ""Tidak ada bunuh diri di sini,"" kataku.",needs_revision,1.  **Context,Sat Oct 18 22:28:58 2025
5,2,505,727,1.4,0.01,"*Suicide, my ass*, was my instant, and silent, reaction. Why hadn't Sybil hired me to come out here to read his grave first, instead of sending me to the woods to find Teenie? Of course this boy hadn't shot himself. Dell Teague had been murdered, just like his wild girlfriend. I opened my eyes. Hollis Boxleitner had swung around to check on what I was doing. I looked into the intent face of the deputy. ""No suicide here,"" I said.","""Bunuh diri? Omong kosong,"" adalah reaksi instan dan tanpa suara saya. Mengapa Sybil tidak mempekerjakan saya untuk mengunjungi makamnya terlebih dahulu, alih-alih mengirim saya ke hutan untuk mencari Teenie? Tentu saja anak ini tidak melakukan bunuh diri. Dell Teague telah dibunuh, sama seperti kekasihnya yang *wild*. Saya membuka mata. Hollis Boxleitner telah berbalik untuk memeriksa apa yang sedang saya lakukan. Saya menatap wajah serius wakil. ""Tidak ada bunuh diri di sini,"" kataku.",needs_revision,1.  **Context,Sat Oct 18 22:29:25 2025
5,3,505,727,1.4,0.01,"*Suicide, my ass*, was my instant, and silent, reaction. Why hadn't Sybil hired me to come out here to read his grave first, instead of sending me to the woods to find Teenie? Of course this boy hadn't shot himself. Dell Teague had been murdered, just like his wild girlfriend. I opened my eyes. Hollis Boxleitner had swung around to check on what I was doing. I looked into the intent face of the deputy. ""No suicide here,"" I said.","""Bunuh diri? Omong kosong,"" adalah reaksi instan dan sunyi saya. Mengapa Sybil tidak mempekerjakan saya untuk mengunjungi makamnya terlebih dahulu, daripada mengirim saya ke hutan untuk mencari Teenie? Tentu saja anak ini tidak bunuh diri. Dell Teague telah dibunuh, sama seperti kekasihnya yang *wild*. Saya membuka mata. Hollis Boxleitner telah berbalik untuk memeriksa apa yang saya lakukan. Saya menatap wajah serius wakil. ""Tidak ada bunuh diri di sini,"" kataku.",needs_revision,1.  **Context,Sat Oct 18 22:29:51 2025
1,1,101,727,1.4,0.01,"I don't like being treated like a confidence trickster, and I'm sure Tolliver likes it even less. I retreat inside myself, and I don't let them touch my quick. Tolliver tries to do that, too, but he is less successful. He gets very upset when people impugn our honor.","Saya tidak suka diperlakukan seperti penipu ulung, dan saya yakin Tolliver bahkan lebih tidak menyukainya. Saya menarik diri ke dalam diri saya sendiri, dan tidak membiarkan mereka menyentuh inti saya. Tolliver mencoba melakukan itu juga, tetapi dia kurang berhasil. Dia menjadi sangat kesal ketika orang mencemarkan nama baik kami.",needs_revision,1.  **Context,Sat Oct 18 22:30:12 2025
1,2,101,727,1.4,0.01,"I don't like being treated like a confidence trickster, and I'm sure Tolliver likes it even less. I retreat inside myself, and I don't let them touch my quick. Tolliver tries to do that, too, but he is less successful. He gets very upset when people impugn our honor.","Saya tidak suka diperlakukan bagai orang yang mencoba menipu, dan saya yakin Tolliver bahkan lebih tidak menyukainya. Saya menarik diri ke dalam diri saya sendiri, dan tidak membiarkan mereka menyerang ego saya. Tolliver mencoba melakukan hal itu juga, tetapi kurang berhasil. Dia sangat tersinggung ketika orang mencemarkan kehormatan kami.",needs_revision,1.  **Context,Sat Oct 18 22:30:35 2025
1,3,101,727,1.4,0.01,"I don't like being treated like a confidence trickster, and I'm sure Tolliver likes it even less. I retreat inside myself, and I don't let them touch my quick. Tolliver tries to do that, too, but he is less successful. He gets very upset when people impugn our honor.","Saya tidak suka diperlakukan seolah-olah saya sedang mencoba menipu, dan saya yakin Tolliver bahkan lebih tidak menyukainya. Saya menarik diri ke dalam diri saya sendiri dan tidak membiarkan mereka menyerang harga diri saya. Tolliver mencoba melakukan hal itu juga, tetapi kurang berhasil. Dia sangat tersinggung ketika orang mencemarkan nama baik kami.",needs_revision,1.  **Context,Sat Oct 18 22:31:00 2025
2,1,202,727,1.4,0.01,"I don't like being treated like a confidence trickster, and I'm sure Tolliver likes it even less. I retreat inside myself, and I don't let them touch my quick. Tolliver tries to do that, too, but he is less successful. He gets very upset when people impugn our honor.","Saya tidak suka diperlakukan seperti penipu ulung, dan saya yakin Tolliver bahkan lebih tidak menyukainya. Saya menarik diri ke dalam diri saya sendiri, dan saya tidak membiarkan mereka menyentuh kecerdikan saya. Tolliver mencoba melakukan itu juga, tetapi dia kurang berhasil. Dia menjadi sangat kesal ketika orang mencoreng kehormatan kami.",needs_revision,1.  **Context,Sat Oct 18 22:31:25 2025
2,2,202,727,1.4,0.01,"I don't like being treated like a confidence trickster, and I'm sure Tolliver likes it even less. I retreat inside myself, and I don't let them touch my quick. Tolliver tries to do that, too, but he is less successful. He gets very upset when people impugn our honor.","Saya tidak suka diperlakukan seperti orang yang mencoba menipu, dan saya yakin Tolliver bahkan lebih tidak menyukainya. Saya menarik diri ke dalam diri saya sendiri, dan saya tidak membiarkan mereka memanfaatkan kecerdikan saya. Tolliver mencoba melakukan itu juga, tetapi dia kurang berhasil. Dia menjadi sangat kesal ketika orang mencemarkan nama baik kami.",needs_revision,1.  **Context,Sat Oct 18 22:31:44 2025
2,3,202,727,1.4,0.01,"I don't like being treated like a confidence trickster, and I'm sure Tolliver likes it even less. I retreat inside myself, and I don't let them touch my quick. Tolliver tries to do that, too, but he is less successful. He gets very upset when people impugn our honor.","Saya tidak suka diperlakukan seperti orang yang mencoba menipu, dan saya yakin Tolliver bahkan lebih tidak menyukainya. Saya menarik diri ke dalam diri saya sendiri, dan saya tidak membiarkan mereka memanfaatkan kecerdikan saya. Tolliver mencoba melakukan itu juga, tetapi dia kurang berhasil. Dia menjadi sangat kesal ketika orang mencemarkan nama baik kami.",needs_revision,1.  **Context,Sat Oct 18 22:32:03 2025
3,1,303,727,1.4,0.01,"I don't like being treated like a confidence trickster, and I'm sure Tolliver likes it even less. I retreat inside myself, and I don't let them touch my quick. Tolliver tries to do that, too, but he is less successful. He gets very upset when people impugn our honor.","Saya tidak suka diperlakukan seperti penipu ulung, dan saya yakin Tolliver bahkan lebih tidak menyukainya. Saya menarik diri ke dalam diri saya sendiri, dan saya tidak membiarkan mereka menyentuh inti saya. Tolliver mencoba melakukan itu juga, tetapi dia kurang berhasil. Dia sangat kesal ketika orang mencoreng kehormatan kami.",needs_revision,1.  **Context,Sat Oct 18 22:32:25 2025
3,2,303,727,1.4,0.01,"I don't like being treated like a confidence trickster, and I'm sure Tolliver likes it even less. I retreat inside myself, and I don't let them touch my quick. Tolliver tries to do that, too, but he is less successful. He gets very upset when people impugn our honor.","Saya tidak suka diperlakukan seperti orang yang mencoba menipu, dan saya yakin Tolliver bahkan lebih tidak menyukainya. Saya menarik diri ke dalam diri saya sendiri dan tidak membiarkan mereka menyentuh inti saya. Tolliver mencoba melakukan hal itu juga, tetapi kurang berhasil. Dia sangat kesal ketika orang mencemarkan nama baik kami.",needs_revision,1.  **Context,Sat Oct 18 22:32:49 2025
3,3,303,727,1.4,0.01,"I don't like being treated like a confidence trickster, and I'm sure Tolliver likes it even less. I retreat inside myself, and I don't let them touch my quick. Tolliver tries to do that, too, but he is less successful. He gets very upset when people impugn our honor.","Saya tidak suka diperlakukan seperti orang yang mencoba menipu, dan saya yakin Tolliver bahkan lebih tidak menyukainya. Saya menarik diri ke dalam diri saya sendiri dan tidak membiarkan mereka menyentuh inti saya. Tolliver mencoba melakukan hal itu juga, tetapi kurang berhasil. Dia sangat kesal ketika orang mencemarkan nama baik kami.",needs_revision,1.  **Context,Sat Oct 18 22:33:11 2025
4,1,404,727,1.4,0.01,"I don't like being treated like a confidence trickster, and I'm sure Tolliver likes it even less. I retreat inside myself, and I don't let them touch my quick. Tolliver tries to do that, too, but he is less successful. He gets very upset when people impugn our honor.","Saya tidak suka diperlakukan seperti penipu ulung, dan saya yakin Tolliver bahkan lebih tidak menyukainya. Saya menarik diri ke dalam diri saya sendiri, dan saya tidak membiarkan mereka menyentuh inti saya. Tolliver mencoba untuk itu juga, tetapi dia kurang berhasil. Dia sangat kesal ketika orang mencemarkan kehormatan kami.",needs_revision,1.  **Context,Sat Oct 18 22:33:36 2025
4,2,404,727,1.4,0.01,"I don't like being treated like a confidence trickster, and I'm sure Tolliver likes it even less. I retreat inside myself, and I don't let them touch my quick. Tolliver tries to do that, too, but he is less successful. He gets very upset when people impugn our honor.","Saya tidak suka diperlakukan seperti orang yang mencoba menipu, dan saya yakin Tolliver bahkan lebih tidak menyukai hal itu. Saya menarik diri ke dalam diri saya sendiri dan tidak mengizinkan mereka untuk menyerang kemampuan berpikir cepat saya. Tolliver mencoba melakukan hal itu juga, tetapi kurang berhasil. Dia sangat kesal ketika orang mencoreng reputasi kami.",needs_revision,1.  **Context,Sat Oct 18 22:34:00 2025
4,3,404,727,1.4,0.01,"I don't like being treated like a confidence trickster, and I'm sure Tolliver likes it even less. I retreat inside myself, and I don't let them touch my quick. Tolliver tries to do that, too, but he is less successful. He gets very upset when people impugn our honor.","Saya tidak suka diperlakukan bagaikan orang yang mencoba menipu, dan saya yakin Tolliver bahkan lebih tidak menyukai hal itu. Saya menarik diri ke dalam diri saya sendiri dan tidak mengizinkan mereka untuk menyentuh kecerdasan saya. Tolliver mencoba melakukan hal itu pula, tetapi kurang berhasil. Dia sangat kesal ketika orang mencemarkan nama baik kami.",needs_revision,1.  **Context,Sat Oct 18 22:34:21 2025
5,1,505,727,1.4,0.01,"I don't like being treated like a confidence trickster, and I'm sure Tolliver likes it even less. I retreat inside myself, and I don't let them touch my quick. Tolliver tries to do that, too, but he is less successful. He gets very upset when people impugn our honor.","Saya tidak suka diperlakukan seperti penipu ulung, dan saya yakin Tolliver bahkan lebih tidak suka lagi. Saya menarik diri ke dalam diri sendiri, dan tidak mengizinkan mereka menyentuh kepekaan saya. Tolliver mencoba melakukan hal itu juga, tetapi dia kurang berhasil. Dia sangat kesal ketika orang mencemarkan nama baik kita.",needs_revision,1.  **Context,Sat Oct 18 22:34:44 2025
5,2,505,727,1.4,0.01,"I don't like being treated like a confidence trickster, and I'm sure Tolliver likes it even less. I retreat inside myself, and I don't let them touch my quick. Tolliver tries to do that, too, but he is less successful. He gets very upset when people impugn our honor.","Saya tidak menyukai diperlakukan seperti penipu, dan saya yakin Tolliver bahkan lebih tidak menyukainya. Saya menarik diri ke dalam diri sendiri dan tidak membiarkan mereka memanfaatkan kelemahan saya. Tolliver mencoba melakukan hal itu juga, tetapi kurang berhasil. Dia sangat marah ketika orang mencoreng reputasi kita.",needs_revision,1.  **Context,Sat Oct 18 22:35:11 2025
5,3,505,727,1.4,0.01,"I don't like being treated like a confidence trickster, and I'm sure Tolliver likes it even less. I retreat inside myself, and I don't let them touch my quick. Tolliver tries to do that, too, but he is less successful. He gets very upset when people impugn our honor.","Saya tidak menyukai diperlakukan seperti orang yang mencoba menipu, dan saya yakin Tolliver bahkan lebih membencinya. Saya menarik diri ke dalam diri sendiri dan tidak mengizinkan mereka memanfaatkan kelemahan saya. Tolliver mencoba melakukan hal itu juga, tetapi kurang berhasil. Dia sangat kesal ketika orang mencemarkan nama baik kita.",needs_revision,1.  **Context,Sat Oct 18 22:35:38 2025
1,1,101,727,1.4,0.01,"""Tell me about your dream house,"" Hollis said, smiling.

""Okay,"" I said, slowly. This was something I didn't talk about too often. ""It will have to be off the beaten road, of course. I want it to look like a log cabin, but without the inconveniences of a real log cabin. I found a plan on the Internet, and I bought it. But of course, I want to alter it a little.""

""Of course,"" he said, taking a sip of beer. ""

It would be two bedrooms and a study, with a family room. There'd be a kitchen here, with the washroom right off of it."" I was looking down at the table, drawing with my finger. ""Around back, there'd be a *porte cochere* for the cars, so you could carry groceries right into the kitchen without getting wet. There's a deck off the right side of the kitchen, see? Or maybe I'd put it off the family room. That's where the fireplace will be, and you could keep your firewood on the deck. And you could put your gas grill on the deck. For steaks.""","""Ceritakan padaku tentang rumah impianmu,"" kata Hollis sambil tersenyum.

""Baiklah,"" ujarku, perlahan. Ini adalah sesuatu yang jarang sekali ku bicarakan. ""Tentu saja, rumah itu harus jauh dari keramaian. Aku ingin tampilannya seperti kabin kayu, tetapi tanpa ketidaknyamanan kabin kayu yang sebenarnya. Aku menemukan rancangannya di Internet, dan aku membelinya. Tapi tentu saja, aku ingin mengubahnya sedikit.""

""Tentu saja,"" katanya sambil menyesap bir.

Rumahnya akan memiliki dua kamar tidur dan ruang kerja, serta ruang keluarga. Akan ada dapur di sini, dengan kamar mandi tepat di sampingnya. Aku menunduk melihat meja, menggambar dengan jariku. ""Di bagian belakang, akan ada *porte cochere* untuk mobil, jadi kamu bisa membawa belanjaan langsung ke dapur tanpa basah. Ada teras di sisi kanan dapur, lihat? Atau mungkin aku akan menempatkannya di samping ruang keluarga. Di sanalah perapian akan berada, dan kamu bisa menyimpan kayu bakar di teras. Dan kamu bisa meletakkan panggangan gas di teras. Untuk steak.""",acceptable,1.  **Cont,Sat Oct 18 22:36:02 2025
2,1,202,727,1.4,0.01,"""Tell me about your dream house,"" Hollis said, smiling.

""Okay,"" I said, slowly. This was something I didn't talk about too often. ""It will have to be off the beaten road, of course. I want it to look like a log cabin, but without the inconveniences of a real log cabin. I found a plan on the Internet, and I bought it. But of course, I want to alter it a little.""

""Of course,"" he said, taking a sip of beer. ""

It would be two bedrooms and a study, with a family room. There'd be a kitchen here, with the washroom right off of it."" I was looking down at the table, drawing with my finger. ""Around back, there'd be a *porte cochere* for the cars, so you could carry groceries right into the kitchen without getting wet. There's a deck off the right side of the kitchen, see? Or maybe I'd put it off the family room. That's where the fireplace will be, and you could keep your firewood on the deck. And you could put your gas grill on the deck. For steaks.""","""Ceritakan padaku tentang rumah impianmu,"" kata Hollis, sambil tersenyum.

""Baiklah,"" ujarku, perlahan. Ini adalah sesuatu yang jarang sekali aku bicarakan. ""Tentu saja, rumah itu harus berada di luar jalur umum. Aku ingin tampilannya seperti pondok kayu, tetapi tanpa ketidaknyamanan pondok kayu yang sebenarnya. Aku menemukan rancangannya di Internet, dan aku membelinya. Tapi tentu saja, aku ingin mengubahnya sedikit.""

""Tentu saja,"" katanya, sambil meneguk bir.

Akan ada dua kamar tidur dan sebuah ruang kerja, beserta ruang keluarga. Akan ada dapur di sana, dengan kamar mandi tepat di sampingnya. Aku menunduk, menggambar dengan jariku di atas meja. ""Di bagian belakang, akan ada *porte cochere* untuk mobil, sehingga Anda bisa membawa belanjaan langsung ke dapur tanpa basah. Ada teras di sisi kanan dapur, lihat? Atau mungkin aku akan menempatkannya di sisi ruang keluarga. Di sanalah perapian akan berada, dan Anda bisa menyimpan kayu bakar di teras. Dan Anda bisa meletakkan pemanggang gas di teras. Untuk steak.""",needs_revision,1.  **Context,Sat Oct 18 22:36:41 2025
2,2,202,727,1.4,0.01,"""Tell me about your dream house,"" Hollis said, smiling.

""Okay,"" I said, slowly. This was something I didn't talk about too often. ""It will have to be off the beaten road, of course. I want it to look like a log cabin, but without the inconveniences of a real log cabin. I found a plan on the Internet, and I bought it. But of course, I want to alter it a little.""

""Of course,"" he said, taking a sip of beer. ""

It would be two bedrooms and a study, with a family room. There'd be a kitchen here, with the washroom right off of it."" I was looking down at the table, drawing with my finger. ""Around back, there'd be a *porte cochere* for the cars, so you could carry groceries right into the kitchen without getting wet. There's a deck off the right side of the kitchen, see? Or maybe I'd put it off the family room. That's where the fireplace will be, and you could keep your firewood on the deck. And you could put your gas grill on the deck. For steaks.""","""Ceritakan padaku tentang rumah impianmu,"" kata Hollis, sambil tersenyum.

""Baiklah,"" ujarku, perlahan. Ini adalah sesuatu yang jarang sekali aku bicarakan. ""Tentu saja, rumah itu harus berada di luar jalur umum. Aku ingin tampilannya seperti pondok kayu, tetapi tanpa ketidaknyamanan pondok kayu yang sebenarnya. Aku menemukan rancangannya di internet, dan aku membelinya. Tapi tentu saja, aku ingin mengubahnya sedikit.""

""Tentu saja,"" katanya, sambil meneguk bir.

Rumah itu akan memiliki dua kamar tidur dan sebuah ruang kerja, serta ruang keluarga. Akan ada dapur di sana, dengan kamar mandi yang bersebelahan langsung dengannya. Aku menunduk, menggambar dengan jariku di atas meja. ""Di bagian belakang, akan ada *porte cochere* untuk kendaraan, sehingga Anda bisa mengantarkan belanjaan langsung ke dapur tanpa terkena hujan. Ada teras di sisi kanan dapur, lihat? Atau mungkin aku akan menempatkannya di sisi ruang keluarga. Di sanalah perapian akan berada, dan Anda bisa menyimpan kayu bakar di teras. Dan Anda bisa menggunakan pemanggang gas di teras. Untuk steak.""",acceptable,1.  **Cont,Sat Oct 18 22:37:09 2025
3,1,303,727,1.4,0.01,"""Tell me about your dream house,"" Hollis said, smiling.

""Okay,"" I said, slowly. This was something I didn't talk about too often. ""It will have to be off the beaten road, of course. I want it to look like a log cabin, but without the inconveniences of a real log cabin. I found a plan on the Internet, and I bought it. But of course, I want to alter it a little.""

""Of course,"" he said, taking a sip of beer. ""

It would be two bedrooms and a study, with a family room. There'd be a kitchen here, with the washroom right off of it."" I was looking down at the table, drawing with my finger. ""Around back, there'd be a *porte cochere* for the cars, so you could carry groceries right into the kitchen without getting wet. There's a deck off the right side of the kitchen, see? Or maybe I'd put it off the family room. That's where the fireplace will be, and you could keep your firewood on the deck. And you could put your gas grill on the deck. For steaks.""","""Ceritakan padaku tentang rumah impianmu,"" kata Hollis, sambil tersenyum.

""Baiklah,"" jawabku, perlahan. Ini adalah sesuatu yang jarang sekali saya bicarakan. ""Tentu saja, rumah itu harus berada di luar jalur utama. Saya ingin tampilannya seperti pondok kayu, tetapi tanpa ketidaknyamanan pondok kayu sungguhan. Saya menemukan rancangannya di Internet dan membelinya. Tapi tentu saja, saya ingin mengubahnya sedikit.""

""Tentu,"" katanya, sambil menyesap bir.

Rumahnya akan memiliki dua kamar tidur dan ruang kerja, serta ruang keluarga. Akan ada dapur di sana, dengan kamar mandi tepat di sebelahnya. Aku menunduk melihat meja, menggambar dengan jariku. ""Di bagian belakang, akan ada *porte cochere* untuk mobil, sehingga Anda bisa membawa belanjaan langsung ke dapur tanpa basah. Ada teras di sisi kanan dapur, lihat? Atau mungkin saya akan meletakkannya di samping ruang keluarga. Di sanalah perapian akan berada, dan Anda bisa menyimpan kayu bakar di teras. Dan Anda bisa meletakkan panggangan gas di teras. Untuk steak.""",acceptable,1.  **Cont,Sat Oct 18 22:37:31 2025
4,1,404,727,1.4,0.01,"""Tell me about your dream house,"" Hollis said, smiling.

""Okay,"" I said, slowly. This was something I didn't talk about too often. ""It will have to be off the beaten road, of course. I want it to look like a log cabin, but without the inconveniences of a real log cabin. I found a plan on the Internet, and I bought it. But of course, I want to alter it a little.""

""Of course,"" he said, taking a sip of beer. ""

It would be two bedrooms and a study, with a family room. There'd be a kitchen here, with the washroom right off of it."" I was looking down at the table, drawing with my finger. ""Around back, there'd be a *porte cochere* for the cars, so you could carry groceries right into the kitchen without getting wet. There's a deck off the right side of the kitchen, see? Or maybe I'd put it off the family room. That's where the fireplace will be, and you could keep your firewood on the deck. And you could put your gas grill on the deck. For steaks.""","""Ceritakan padaku tentang rumah impianmu,"" kata Hollis, sambil tersenyum.

""Baiklah,"" jawabku, perlahan. Ini adalah sesuatu yang jarang sekali aku bicarakan. ""Tentu saja, rumah itu harus terletak di luar jalur utama. Aku ingin tampilannya seperti pondok kayu, tetapi tanpa ketidaknyamanan pondok kayu yang sesungguhnya. Aku menemukan rancangannya di Internet, dan aku membelinya. Tapi tentu saja, aku ingin mengubahnya sedikit.""

""Tentu,"" katanya, sambil meneguk bir.

Akan ada dua kamar tidur dan sebuah ruang kerja, serta ruang keluarga. Akan ada dapur di sini, dengan kamar mandi tepat di sebelahnya. Aku menunduk memandang meja, menggambar dengan jariku. ""Di bagian belakang, akan ada *porte cochere* untuk mobil, sehingga Anda dapat membawa belanjaan langsung ke dapur tanpa basah. Ada teras di sisi kanan dapur, lihat? Atau mungkin aku akan menempatkannya di sisi ruang keluarga. Di sanalah perapian akan berada, dan Anda dapat menyimpan kayu bakar di teras. Dan Anda bisa meletakkan pemanggang gas di teras. Untuk steak.""",acceptable,1.  **Cont,Sat Oct 18 22:37:56 2025
5,1,505,727,1.4,0.01,"""Tell me about your dream house,"" Hollis said, smiling.

""Okay,"" I said, slowly. This was something I didn't talk about too often. ""It will have to be off the beaten road, of course. I want it to look like a log cabin, but without the inconveniences of a real log cabin. I found a plan on the Internet, and I bought it. But of course, I want to alter it a little.""

""Of course,"" he said, taking a sip of beer. ""

It would be two bedrooms and a study, with a family room. There'd be a kitchen here, with the washroom right off of it."" I was looking down at the table, drawing with my finger. ""Around back, there'd be a *porte cochere* for the cars, so you could carry groceries right into the kitchen without getting wet. There's a deck off the right side of the kitchen, see? Or maybe I'd put it off the family room. That's where the fireplace will be, and you could keep your firewood on the deck. And you could put your gas grill on the deck. For steaks.""","“Ceritakan tentang rumah impianmu,” kata Hollis sambil tersenyum.

“Baiklah,” ujarku pelan. Ini adalah sesuatu yang jarang sekali saya bicarakan. “Tentu saja, rumah itu harus berada di luar jalur utama. Saya ingin tampilannya seperti pondok kayu, tetapi tanpa ketidaknyamanan pondok kayu yang sebenarnya. Saya menemukan rancangannya di Internet, dan saya membelinya. Tapi tentu saja, saya ingin mengubahnya sedikit.”

“Tentu,” katanya, sambil meneguk bir.

Akan ada dua kamar tidur dan ruang belajar, dengan ruang keluarga. Akan ada dapur di sini, dengan kamar mandi tepat di sebelahnya. Aku menunduk melihat meja, menggambar dengan jariku. “Di bagian belakang, akan ada *porte cochere* untuk mobil, sehingga Anda bisa membawa belanjaan langsung ke dapur tanpa basah. Ada teras di sisi kanan dapur, lihat? Atau mungkin saya akan menempatkannya di sisi ruang keluarga. Di sanalah perapian akan berada, dan Anda bisa menyimpan kayu bakar di teras. Dan Anda bisa meletakkan panggangan gas di teras. Untuk steak.”",needs_revision,1.  **Context,Sat Oct 18 22:38:43 2025
5,2,505,727,1.4,0.01,"""Tell me about your dream house,"" Hollis said, smiling.

""Okay,"" I said, slowly. This was something I didn't talk about too often. ""It will have to be off the beaten road, of course. I want it to look like a log cabin, but without the inconveniences of a real log cabin. I found a plan on the Internet, and I bought it. But of course, I want to alter it a little.""

""Of course,"" he said, taking a sip of beer. ""

It would be two bedrooms and a study, with a family room. There'd be a kitchen here, with the washroom right off of it."" I was looking down at the table, drawing with my finger. ""Around back, there'd be a *porte cochere* for the cars, so you could carry groceries right into the kitchen without getting wet. There's a deck off the right side of the kitchen, see? Or maybe I'd put it off the family room. That's where the fireplace will be, and you could keep your firewood on the deck. And you could put your gas grill on the deck. For steaks.""","""Ceritakan tentang rumah impianmu,"" kata Hollis, sambil tersenyum.

“Baiklah,” ujarku pelan. Ini adalah sesuatu yang jarang sekali saya bicarakan. “Tentu saja, rumah itu harus berada di luar jalur utama. Saya ingin tampilannya seperti pondok kayu, tetapi tanpa ketidaknyamanan pondok kayu yang sebenarnya. Saya menemukan rancangannya di internet, dan saya membelinya. Tapi tentu saja, saya ingin mengubahnya sedikit.”

“Tentu,” katanya, sambil meneguk bir.

Rumah itu akan memiliki dua kamar tidur dan ruang kerja, serta ruang keluarga. Akan ada dapur di sana, dengan kamar mandi tepat di sebelahnya. Aku menunduk, menggambar dengan jari di atas meja. “Di bagian belakang, akan ada *porte cochere* untuk kendaraan, sehingga Anda bisa menurunkan belanjaan langsung ke dapur tanpa terkena air. Ada teras di sisi kanan dapur, Anda lihat? Atau mungkin saya akan menempatkannya di sisi ruang keluarga. Di sanalah perapian akan berada, dan Anda bisa menyimpan kayu bakar di teras. Dan Anda bisa menggunakan panggangan gas di teras untuk memanggang steak.”",acceptable,1.  **Cont,Sat Oct 18 22:39:11 2025
